-- --------------------------------------------------------
-- Host:                         127.0.0.1
-- Server version:               8.0.30 - MySQL Community Server - GPL
-- Server OS:                    Win64
-- HeidiSQL Version:             12.1.0.6537
-- --------------------------------------------------------

/*!40101 SET @OLD_CHARACTER_SET_CLIENT=@@CHARACTER_SET_CLIENT */;
/*!40101 SET NAMES utf8 */;
/*!50503 SET NAMES utf8mb4 */;
/*!40103 SET @OLD_TIME_ZONE=@@TIME_ZONE */;
/*!40103 SET TIME_ZONE='+00:00' */;
/*!40014 SET @OLD_FOREIGN_KEY_CHECKS=@@FOREIGN_KEY_CHECKS, FOREIGN_KEY_CHECKS=0 */;
/*!40101 SET @OLD_SQL_MODE=@@SQL_MODE, SQL_MODE='NO_AUTO_VALUE_ON_ZERO' */;
/*!40111 SET @OLD_SQL_NOTES=@@SQL_NOTES, SQL_NOTES=0 */;


-- Dumping database structure for accountopening_db
CREATE DATABASE IF NOT EXISTS `accountopening_db` /*!40100 DEFAULT CHARACTER SET utf8mb4 COLLATE utf8mb4_general_ci */ /*!80016 DEFAULT ENCRYPTION='N' */;
USE `accountopening_db`;

-- Dumping structure for table accountopening_db.admin
CREATE TABLE IF NOT EXISTS `admin` (
  `id` int NOT NULL AUTO_INCREMENT,
  `UserName` varchar(100) NOT NULL,
  `Password` varchar(100) NOT NULL,
  `updationDate` timestamp NOT NULL DEFAULT '0000-00-00 00:00:00' ON UPDATE CURRENT_TIMESTAMP,
  PRIMARY KEY (`id`)
) ENGINE=InnoDB AUTO_INCREMENT=2 DEFAULT CHARSET=latin1;

-- Dumping data for table accountopening_db.admin: ~0 rows (approximately)
INSERT INTO `admin` (`id`, `UserName`, `Password`, `updationDate`) VALUES
	(1, 'admin', '21232f297a57a5a743894a0e4a801fc3', '2020-11-03 05:55:30');

-- Dumping structure for table accountopening_db.chequier_status
CREATE TABLE IF NOT EXISTS `chequier_status` (
  `id` int NOT NULL AUTO_INCREMENT,
  `request_id` int NOT NULL,
  `status` varchar(100) NOT NULL,
  `changed_by` int DEFAULT NULL,
  `changed_at` datetime NOT NULL DEFAULT CURRENT_TIMESTAMP,
  PRIMARY KEY (`id`),
  KEY `request_id` (`request_id`)
) ENGINE=InnoDB AUTO_INCREMENT=7 DEFAULT CHARSET=utf8mb4 COLLATE=utf8mb4_0900_ai_ci;

-- Dumping data for table accountopening_db.chequier_status: ~3 rows (approximately)
INSERT INTO `chequier_status` (`id`, `request_id`, `status`, `changed_by`, `changed_at`) VALUES
	(1, 1, 'demande au ci', 19, '2026-01-30 11:05:19'),
	(2, 1, 'reçu', 19, '2026-02-05 16:31:15'),
	(3, 1, 'reçu', 19, '2026-02-05 18:52:56'),
	(4, 1, 'reçu', 19, '2026-02-16 14:56:30'),
	(5, 5, 'reçu', 19, '2026-03-20 15:15:05'),
	(6, 4, 'reçu', 19, '2026-03-23 17:48:56');

-- Dumping structure for table accountopening_db.ecobank_form_submissions
CREATE TABLE IF NOT EXISTS `ecobank_form_submissions` (
  `id` int NOT NULL AUTO_INCREMENT,
  `customer_id` varchar(128) DEFAULT NULL,
  `emp_id` int DEFAULT NULL,
  `data` json NOT NULL,
  `created_at` datetime DEFAULT CURRENT_TIMESTAMP,
  `account_number` varchar(128) DEFAULT NULL,
  `customer_name` varchar(255) DEFAULT NULL,
  `mobile` varchar(64) DEFAULT NULL,
  `email` varchar(128) DEFAULT NULL,
  `first_name` varchar(128) DEFAULT NULL,
  `middle_name` varchar(128) DEFAULT NULL,
  `last_name` varchar(128) DEFAULT NULL,
  `date_of_birth` date DEFAULT NULL,
  `id_number` varchar(64) DEFAULT NULL,
  `id_issue_date` date DEFAULT NULL,
  `id_expiry_date` date DEFAULT NULL,
  `nationality` varchar(64) DEFAULT NULL,
  `residence_country` varchar(64) DEFAULT NULL,
  `telephone` varchar(64) DEFAULT NULL,
  `telephone2` varchar(64) DEFAULT NULL,
  `employer_name` varchar(128) DEFAULT NULL,
  `branch_code` varchar(64) DEFAULT NULL,
  `account_officer` varchar(128) DEFAULT NULL,
  `approved_by` varchar(128) DEFAULT NULL,
  `account_type` varchar(255) CHARACTER SET utf8mb4 COLLATE utf8mb4_0900_ai_ci DEFAULT NULL,
  `account_purpose` varchar(128) DEFAULT NULL,
  `currency` varchar(64) DEFAULT NULL,
  `services` text,
  `title` varchar(20) DEFAULT NULL,
  `gender` varchar(20) DEFAULT NULL,
  `father_name` varchar(128) DEFAULT NULL,
  `father_name2` varchar(128) DEFAULT NULL,
  `mother_name` varchar(128) DEFAULT NULL,
  `mother_name2` varchar(128) DEFAULT NULL,
  `pob` varchar(128) DEFAULT NULL,
  `id_type` varchar(64) DEFAULT NULL,
  `address` varchar(255) DEFAULT NULL,
  `city` varchar(128) DEFAULT NULL,
  `postal_code` varchar(64) DEFAULT NULL,
  `bp` varchar(64) DEFAULT NULL,
  `employment_type` varchar(128) DEFAULT NULL,
  `salaried_terms` varchar(128) DEFAULT NULL,
  `salaried_occupation` varchar(128) DEFAULT NULL,
  `salaried_industry` varchar(128) DEFAULT NULL,
  `gross_income_range` varchar(128) DEFAULT NULL,
  `business_name` varchar(255) DEFAULT NULL,
  `business_registration` varchar(255) DEFAULT NULL,
  `business_kra_pin` varchar(128) DEFAULT NULL,
  `business_nature` varchar(128) DEFAULT NULL,
  `turnover_range` varchar(128) DEFAULT NULL,
  `institution_name` varchar(255) DEFAULT NULL,
  `student_id` varchar(128) DEFAULT NULL,
  `client_fingerprint` varchar(255) DEFAULT NULL,
  `magistrat_name` varchar(255) DEFAULT NULL,
  `agent_name` varchar(255) DEFAULT NULL,
  `emergency_contact_name` varchar(255) DEFAULT NULL,
  `account_handler` varchar(128) DEFAULT NULL,
  `approved_signature` text,
  `tax_registration` varchar(64) DEFAULT NULL,
  `bank_account_number` varchar(128) DEFAULT NULL,
  `json_snapshot` longtext,
  PRIMARY KEY (`id`),
  KEY `idx_ecobank_account_number` (`account_number`),
  KEY `idx_ecobank_customer_name` (`customer_name`),
  KEY `idx_ecobank_mobile` (`mobile`),
  KEY `idx_ecobank_email` (`email`)
) ENGINE=InnoDB AUTO_INCREMENT=31 DEFAULT CHARSET=utf8mb4 COLLATE=utf8mb4_0900_ai_ci;

-- Dumping data for table accountopening_db.ecobank_form_submissions: ~16 rows (approximately)
INSERT INTO `ecobank_form_submissions` (`id`, `customer_id`, `emp_id`, `data`, `created_at`, `account_number`, `customer_name`, `mobile`, `email`, `first_name`, `middle_name`, `last_name`, `date_of_birth`, `id_number`, `id_issue_date`, `id_expiry_date`, `nationality`, `residence_country`, `telephone`, `telephone2`, `employer_name`, `branch_code`, `account_officer`, `approved_by`, `account_type`, `account_purpose`, `currency`, `services`, `title`, `gender`, `father_name`, `father_name2`, `mother_name`, `mother_name2`, `pob`, `id_type`, `address`, `city`, `postal_code`, `bp`, `employment_type`, `salaried_terms`, `salaried_occupation`, `salaried_industry`, `gross_income_range`, `business_name`, `business_registration`, `business_kra_pin`, `business_nature`, `turnover_range`, `institution_name`, `student_id`, `client_fingerprint`, `magistrat_name`, `agent_name`, `emergency_contact_name`, `account_handler`, `approved_signature`, `tax_registration`, `bank_account_number`, `json_snapshot`) VALUES
	(3, 'NNN', 17, '{"pob": "Brazzaville", "email": "test@example.com", "title": "M.", "gender": "Masculin", "last-name": "", "telephone": "0700000000", "first-name": "User", "student-id": "", "telephone2": "", "approved-by": "", "branch-code": "", "customer-id": "", "father-name": "Claude Exaucé Firmin", "middle-name": "X", "mother-name": "YOKA MOSSA", "nationality": "Congolaise", "ussd-banking": "Paiements", "business-name": "", "date-of-birth": "1998-11-10", "employer-name": "EAD", "other-purpose": "", "other-service": "", "salaried-terms": "Contrat", "account-handler": "", "account-officer": "", "account-purpose": "Salaire", "business-nature": "", "debit-card-type": "", "document-number": "12345678", "business-kra-pin": "", "institution-name": "", "residence-country": "Congo", "salaried-industry": "", "approved-signature": "", "gross-income-range": "150 000 – 500 000 FCFA", "bank-account-number": "NNN", "document-issue-date": "2025-11-11", "salaried-occupation": "", "document-expiry-date": "2030-11-11", "business-registration": "", "emergency-contact-name": ""}', '2025-12-18 15:28:24', 'NNN', 'User X', '0700000000', 'test@example.com', 'User', 'X', NULL, '1998-11-10', '12345678', '2025-11-11', '2030-11-11', 'Congolaise', 'Congo', '0700000000', NULL, 'EAD', NULL, NULL, NULL, 'Compte épargne', NULL, NULL, NULL, 'M.', 'Masculin', 'Claude Exaucé Firmin', NULL, 'YOKA MOSSA', NULL, 'Brazzaville', NULL, NULL, NULL, NULL, NULL, NULL, NULL, NULL, NULL, NULL, NULL, NULL, NULL, NULL, NULL, NULL, NULL, NULL, NULL, NULL, NULL, NULL, NULL, NULL, NULL, NULL),
	(4, 'NNN', NULL, '{"pob": "Brazzaville", "email": "test@example.com", "title": "M.", "gender": "Masculin", "last-name": "", "telephone": "0700000000", "first-name": "User", "student-id": "", "telephone2": "", "approved-by": "", "branch-code": "", "customer-id": "", "father-name": "Claude Exaucé Firmin", "middle-name": "X", "mother-name": "YOKA MOSSA", "nationality": "Congolaise", "ussd-banking": "Paiements", "business-name": "", "date-of-birth": "1998-11-10", "employer-name": "EAD", "other-purpose": "", "other-service": "", "salaried-terms": "Contrat", "account-handler": "", "account-officer": "", "account-purpose": "Salaire", "business-nature": "", "debit-card-type": "", "document-number": "12345678", "business-kra-pin": "", "institution-name": "", "residence-country": "Congo", "salaried-industry": "", "approved-signature": "", "gross-income-range": "150 000 – 500 000 FCFA", "bank-account-number": "NNN", "document-issue-date": "2025-11-11", "salaried-occupation": "", "document-expiry-date": "2030-11-11", "business-registration": "", "emergency-contact-name": ""}', '2025-12-18 15:29:28', 'NNN', 'User X', '0700000000', 'test@example.com', 'User', 'X', NULL, '1998-11-10', '12345678', '2025-11-11', '2030-11-11', 'Congolaise', 'Congo', '0700000000', NULL, 'EAD', NULL, NULL, NULL, 'Compte courant', NULL, NULL, NULL, 'M.', 'Masculin', 'Claude Exaucé Firmin', NULL, 'YOKA MOSSA', NULL, 'Brazzaville', NULL, NULL, NULL, NULL, NULL, NULL, NULL, NULL, NULL, NULL, NULL, NULL, NULL, NULL, NULL, NULL, NULL, NULL, NULL, NULL, NULL, NULL, NULL, NULL, NULL, NULL),
	(6, 'NNN', NULL, '{"pob": "Brazzaville", "email": "test@example.com", "title": "M.", "gender": "Masculin", "currency": "Franc CFA (XAF)", "last-name": "lombila", "telephone": "0700000000", "debit-card": "Carte de débit", "first-name": "dgracia", "mobile-app": "Prêts", "student-id": "", "telephone2": "", "approved-by": "", "branch-code": "", "customer-id": "", "father-name": "Claude Exaucé Firmin", "middle-name": "X", "mother-name": "YOKA MOSSA", "national-id": "Carte d’identité nationale", "nationality": "Congolaise", "business-name": "", "date-of-birth": "1998-11-10", "employer-name": "EAD", "other-purpose": "", "salaried-terms": "Contrat", "account-handler": "", "account-officer": "", "account-purpose": "Salaire", "business-nature": "", "debit-card-type": "", "document-number": "12345678", "employment-type": "Salarié", "business-kra-pin": "", "institution-name": "", "residence-country": "Congo", "salaried-industry": "", "approved-signature": "", "gross-income-range": "Inférieur à 150 000 FCFA | 150 000 – 500 000 FCFA", "bank-account-number": "NNN", "document-issue-date": "2025-11-11", "salaried-occupation": "", "document-expiry-date": "2030-11-11", "business-registration": "", "emergency-contact-name": ""}', '2025-12-18 16:56:21', 'NNN', 'dgracia X lombila', '0700000000', 'test@example.com', 'dgracia', 'X', 'lombila', '1998-11-10', '12345678', '2025-11-11', '2030-11-11', 'Congolaise', 'Congo', '0700000000', NULL, 'EAD', NULL, NULL, NULL, 'Compte courant', 'Salaire', 'Franc CFA (XAF)', NULL, 'M.', 'Masculin', 'Claude Exaucé Firmin', NULL, 'YOKA MOSSA', NULL, 'Brazzaville', NULL, NULL, NULL, NULL, NULL, 'Salarié', 'Contrat', NULL, NULL, 'Inférieur à 150 000 FCFA | 150 000 – 500 000 FCFA', NULL, NULL, NULL, NULL, NULL, NULL, NULL, NULL, NULL, NULL, NULL, NULL, NULL, NULL, NULL, NULL),
	(7, 'NNN', NULL, '{"pob": "Brazzaville", "email": "test@example.com", "title": "M.", "gender": "Masculin", "currency": "Franc CFA (XAF)", "last-name": "Test", "telephone": "0700000000", "debit-card": "Carte de débit", "first-name": "franck", "student-id": "", "telephone2": "", "approved-by": "", "branch-code": "", "customer-id": "", "father-name": "Claude Exaucé Firmin", "middle-name": "gad", "mother-name": "YOKA MOSSA", "national-id": "Carte d’identité nationale", "nationality": "Congolaise", "business-name": "", "date-of-birth": "1998-11-10", "employer-name": "EAD", "other-purpose": "", "type_compte[]": "Compte courant", "salaried-terms": "Contrat", "account-handler": "", "account-officer": "", "account-purpose": "Salaire", "business-nature": "", "debit-card-type": "", "document-number": "12345678", "employment-type": "Salarié", "business-kra-pin": "", "institution-name": "", "residence-country": "Congo", "salaried-industry": "", "approved-signature": "", "gross-income-range": "150 000 – 500 000 FCFA", "bank-account-number": "NNN", "document-issue-date": "2025-11-11", "salaried-occupation": "", "document-expiry-date": "2030-11-11", "business-registration": "", "emergency-contact-name": ""}', '2025-12-19 08:59:55', 'NNN', 'franck gad Test', '0700000000', 'test@example.com', 'franck', 'gad', 'Test', '1998-11-10', '12345678', '2025-11-11', '2030-11-11', 'Congolaise', 'Congo', '0700000000', NULL, 'EAD', NULL, NULL, NULL, 'Compte courant', 'Salaire', 'Franc CFA (XAF)', NULL, 'M.', 'Masculin', 'Claude Exaucé Firmin', NULL, 'YOKA MOSSA', NULL, 'Brazzaville', NULL, NULL, NULL, NULL, NULL, 'Salarié', 'Contrat', NULL, NULL, '150 000 – 500 000 FCFA', NULL, NULL, NULL, NULL, NULL, NULL, NULL, NULL, NULL, NULL, NULL, NULL, NULL, NULL, NULL, NULL),
	(8, 'NNN', NULL, '{"pob": "Brazzaville", "email": "test@example.com", "title": "M.", "gender": "Masculin", "currency": "Franc CFA (XAF)", "last-name": "Test", "telephone": "0700000000", "first-name": "Test", "student-id": "", "telephone2": "", "approved-by": "", "branch-code": "", "customer-id": "", "father-name": "Claude Exaucé Firmin", "middle-name": "gad", "mother-name": "YOKA MOSSA", "nationality": "Congolaise", "business-name": "", "date-of-birth": "1998-11-10", "employer-name": "EAD", "other-purpose": "", "type_compte[]": "Prêts", "account-handler": "", "account-officer": "", "account-purpose": "Salaire", "business-nature": "", "debit-card-type": "", "document-number": "12345678", "employment-type": "Salarié", "business-kra-pin": "", "institution-name": "", "residence-country": "Congo", "salaried-industry": "", "approved-signature": "", "gross-income-range": "150 000 – 500 000 FCFA", "bank-account-number": "NNN", "document-issue-date": "2025-11-11", "salaried-occupation": "", "document-expiry-date": "2030-11-11", "business-registration": "", "emergency-contact-name": ""}', '2025-12-19 09:28:01', '37150000001', 'Test gad Test', '0700000000', 'test@example.com', 'Test', 'gad', 'Test', '1998-11-10', '12345678', '2025-11-11', '2030-11-11', 'Congolaise', 'Congo', '0700000000', NULL, 'EAD', NULL, NULL, NULL, 'Compte épargne', 'Salaire', 'Franc CFA (XAF)', NULL, 'M.', 'Masculin', 'Claude Exaucé Firmin', NULL, 'YOKA MOSSA', NULL, 'Brazzaville', NULL, NULL, NULL, NULL, NULL, 'Salarié', NULL, NULL, NULL, '150 000 – 500 000 FCFA', NULL, NULL, NULL, NULL, NULL, NULL, NULL, NULL, NULL, NULL, NULL, NULL, NULL, NULL, NULL, NULL),
	(10, '99988877766', 17, '{"email": "test.user+save@example.com", "last-name": "Utilisateur", "first-name": "Test", "middle-name": "T", "type_compte": ["Compte courant", "Compte épargne"], "account-purpose": "Salaire", "bank-account-number": "99988877766"}', '2025-12-19 09:52:41', '99988877766', 'Test T Utilisateur', NULL, 'test.user+save@example.com', 'Test', 'T', 'Utilisateur', NULL, NULL, NULL, NULL, NULL, NULL, NULL, NULL, NULL, NULL, NULL, NULL, 'Compte épargne', 'Salaire', NULL, NULL, NULL, NULL, NULL, NULL, NULL, NULL, NULL, NULL, NULL, NULL, NULL, NULL, NULL, NULL, NULL, NULL, NULL, NULL, NULL, NULL, NULL, NULL, NULL, NULL, NULL, NULL, NULL, NULL, NULL, NULL, NULL, NULL, NULL),
	(12, 'NNN', 11, '{"pob": "Brazzaville", "email": "test@example.com", "title": "M.", "gender": "Masculin", "currency": "Franc CFA (XAF)", "services": "Paiements | Prêts", "last-name": "YOKA MOSSA", "sms-alert": "SMS Alert", "telephone": "0700000000", "first-name": "Oliveira", "student-id": "", "telephone2": "069773075", "approved-by": "", "branch-code": "", "customer-id": "", "father-name": "Claude Exaucé Firmin", "middle-name": "gad", "mother-name": "YOKA MOSSA", "national-id": "Carte d’identité nationale", "nationality": "Congolaise", "account_type": "Compte courant", "prepaid-card": "Carte prépayée", "business-name": "", "date-of-birth": "1989-12-10", "employer-name": "EAD", "other-purpose": "", "salaried-terms": "CDI", "account-handler": "", "account-officer": "", "account-purpose": "Salaire", "business-nature": "", "debit-card-type": "", "document-number": "09876543", "employment-type": "Salarié", "business-kra-pin": "", "institution-name": "", "residence-country": "Congo", "salaried-industry": "", "approved-signature": "", "gross-income-range": "150 000 – 500 000 FCFA", "bank-account-number": "NNN", "document-issue-date": "2020-02-11", "salaried-occupation": "", "document-expiry-date": "2025-02-11", "business-registration": "", "emergency-contact-name": ""}', '2025-12-19 10:53:46', '37150000008', 'Oliveira gad YOKA MOSSA', '0700000000', 'test@example.com', 'Oliveira', 'gad', 'YOKA MOSSA', '1989-12-10', '09876543', '2020-02-11', '2025-02-11', 'Congolaise', 'Congo', '0700000000', '069773075', 'EAD', NULL, NULL, NULL, 'Compte courant', 'Salaire', 'Franc CFA (XAF)', NULL, 'M.', 'Masculin', 'Claude Exaucé Firmin', NULL, 'YOKA MOSSA', NULL, 'Brazzaville', NULL, NULL, NULL, NULL, NULL, 'Salarié', 'CDI', NULL, NULL, '150 000 – 500 000 FCFA', NULL, NULL, NULL, NULL, NULL, NULL, NULL, NULL, NULL, NULL, NULL, NULL, NULL, NULL, NULL, NULL),
	(23, '370015409', 11, '{"BP": "BZV", "pob": "", "ltel": "", "pays": "", "autre": "", "email": "tt@gmail.com", "title": "M.", "country": "CG", "currency": "Franc CFA (XAF)", "lparente": "", "last-name": "ENCRYPTED DATA1711721", "telephone": "", "agent-name": "", "created_by": "c@gmail.com", "first-name": "ENCRYPTED DATA1711721", "student-id": "", "telephone2": "", "approved-by": "", "branch-code": "", "branch_code": "T31", "customer_id": "370015409", "father-name": "test p", "middle-name": "", "mother-name": "test m", "nationality": "CG", "postal-code": "1234", "account_type": "Compte courant", "prepaid-card": "Carte prépayée", "business-name": "", "date-of-birth": "", "employer-name": "", "other-purpose": "", "account_number": "37285010116", "contact_adress": "", "magistrat-name": "", "account-handler": "", "account-officer": "", "account-purpose": "Salaire", "business-nature": "", "debit-card-type": "", "document-number": "", "business-kra-pin": "", "institution-name": "", "personnecontacte": "", "residence-country": "", "salaried-industry": "", "client-fingerprint": "", "document-issue-date": "2014-01-20", "salaried-occupation": "", "document-expiry-date": "2029-01-20", "business-registration": "", "emergency-contact-name": ""}', '2026-01-20 05:58:38', '37285010116', 'ENCRYPTED DATA1711721 ENCRYPTED DATA1711721', NULL, 'tt@gmail.com', 'ENCRYPTED DATA1711721', NULL, 'ENCRYPTED DATA1711721', NULL, NULL, '2014-01-20', '2029-01-20', 'CG', 'CG', NULL, NULL, NULL, 'T31', NULL, NULL, 'Compte courant', 'Salaire', 'Franc CFA (XAF)', NULL, 'M.', NULL, 'test p', NULL, 'test m', NULL, NULL, NULL, NULL, NULL, '1234', NULL, NULL, NULL, NULL, NULL, NULL, NULL, NULL, NULL, NULL, NULL, NULL, NULL, NULL, NULL, NULL, NULL, NULL, NULL, NULL, NULL, NULL),
	(24, '370003189', 11, '{"BP": "BP", "pob": "TEST", "ltel": "", "pays": "", "autre": "", "email": "test@gmail.com", "title": "M.", "gender": "Masculin", "country": "BRAZZAVILLE", "currency": "Franc CFA (XAF)", "lparente": "", "services": "Paiements", "last-name": "ENCRYPTED DATA2874512", "telephone": "069773075", "agent-name": "", "app-mobile": "Application mobile", "created_by": "unknown", "first-name": "ENCRYPTED DATA2874512", "student-id": "", "telephone2": "", "approved-by": "", "branch-code": "", "branch_code": "T32", "customer_id": "370003189", "father-name": "TEST", "middle-name": "", "mother-name": "TEST", "national-id": "on", "nationality": "CG", "postal-code": "442", "prepaid-card": "Carte prépayée", "business-name": "", "date-of-birth": "2000-01-01", "employer-name": "TEST", "other-purpose": "", "account_number": "37220026306", "contact_adress": "BP 1219 SC ECG", "magistrat-name": "", "account-handler": "", "account-officer": "", "account-purpose": "Salaire", "business-nature": "", "debit-card-type": "", "document-number": "BZV01225", "business-kra-pin": "", "institution-name": "", "personnecontacte": "", "residence-country": "CG", "salaried-industry": "OR", "client-fingerprint": "", "document-issue-date": "2019-01-23", "salaried-occupation": "", "document-expiry-date": "2028-01-23", "business-registration": "", "emergency-contact-name": ""}', '2026-01-23 18:37:23', '37220026306', 'ENCRYPTED DATA2874512 ENCRYPTED DATA2874512', '069773075', 'test@gmail.com', 'ENCRYPTED DATA2874512', NULL, 'ENCRYPTED DATA2874512', '2000-01-01', 'BZV01225', '2019-01-23', '2028-01-23', 'CG', 'CG', '069773075', NULL, 'TEST', 'T32', 'Yoka Mossa Claude', NULL, 'Compte courant', 'Salaire', 'Franc CFA (XAF)', NULL, 'M.', 'Masculin', 'TEST', NULL, 'TEST', NULL, 'TEST', NULL, NULL, NULL, '442', NULL, NULL, NULL, NULL, 'OR', NULL, NULL, NULL, NULL, NULL, NULL, NULL, NULL, NULL, NULL, NULL, NULL, NULL, NULL, NULL, NULL, NULL),
	(25, '370069150', 11, '{"BP": "", "pob": "", "ltel": "", "pays": "", "autre": "", "email": "", "title": "M.", "gender": "Masculin", "country": "", "currency": "Franc CFA (XAF)", "lparente": "", "last-name": "ENCRYPTED DATA2268417", "telephone": "", "agent-name": "", "created_by": "unknown", "debit-card": "Carte de débit", "first-name": "ENCRYPTED DATA2268417", "student-id": "", "telephone2": "", "approved-by": "", "branch-code": "", "branch_code": "T32", "customer_id": "370069150", "father-name": "", "middle-name": "", "mother-name": "", "nationality": "CG", "postal-code": "", "account_type": "Compte courant", "business-name": "test", "date-of-birth": "", "employer-name": "test", "other-purpose": "", "account_number": "37220026310", "contact_adress": "QTIER TIE TIE", "magistrat-name": "", "account-handler": "", "account-officer": "11", "account-purpose": "Salaire", "business-nature": "test", "debit-card-type": "gold", "document-number": "", "business-kra-pin": "test", "institution-name": "", "personnecontacte": "", "residence-country": "CG", "salaried-industry": "test", "client-fingerprint": "", "document-issue-date": "", "salaried-occupation": "test", "document-expiry-date": "", "business-registration": "test", "emergency-contact-name": ""}', '2026-01-24 13:00:21', '37220026310', 'ENCRYPTED DATA2268417 ENCRYPTED DATA2268417', NULL, NULL, 'ENCRYPTED DATA2268417', NULL, 'ENCRYPTED DATA2268417', NULL, NULL, NULL, NULL, 'CG', 'CG', NULL, NULL, 'test', 'T32', 'Yoka Mossa Claude', NULL, 'Compte courant', 'Salaire', 'Franc CFA (XAF)', NULL, 'M.', 'Masculin', NULL, NULL, NULL, NULL, NULL, NULL, NULL, NULL, NULL, NULL, NULL, NULL, 'test', 'test', NULL, 'test', 'test', 'test', 'test', NULL, NULL, NULL, NULL, NULL, NULL, NULL, NULL, NULL, NULL, NULL, NULL),
	(26, '370062187', 11, '{"BP": "BP", "pob": "TEST", "ltel": "", "pays": "", "autre": "", "email": "test@gmail.com", "country": "BRAZZAVILLE", "e-alert": "E-Alert", "currency": "Franc CFA (XAF)", "lparente": "", "services": "Prêts", "last-name": "ENCRYPTED DATA1615826", "telephone": "", "agent-name": "", "created_by": "unknown", "debit-card": "Carte de débit", "first-name": "ENCRYPTED DATA1615826", "student-id": "", "telephone2": "", "approved-by": "", "branch-code": "", "branch_code": "T32", "customer_id": "370062187", "father-name": "TEST", "middle-name": "", "mother-name": "TEST", "nationality": "CG", "postal-code": "442", "account_type": "Compte courant", "business-name": "test s", "date-of-birth": "2000-01-01", "employer-name": "test", "other-purpose": "", "account_number": "37220026314", "contact_adress": "QTIER NGOYO", "magistrat-name": "", "salaried-terms": "CDI", "turnover-range": "500 000 – 1 million FCFA", "account-handler": "", "account-officer": "11", "account-purpose": "Salaire", "business-nature": "", "debit-card-type": "platinium", "document-number": "BZV01225", "employment-type": "Salarié | Entreprise", "business-kra-pin": "test R", "institution-name": "", "personnecontacte": "", "residence-country": "CG", "salaried-industry": "test", "client-fingerprint": "", "gross-income-range": "Supérieur à 500 000 FCFA", "document-issue-date": "2019-01-23", "salaried-occupation": "test", "document-expiry-date": "2028-01-23", "business-registration": "test j", "emergency-contact-name": "", "other-activity-description": ""}', '2026-01-24 13:14:40', '37220026314', 'ENCRYPTED DATA1615826 ENCRYPTED DATA1615826', NULL, 'test@gmail.com', 'ENCRYPTED DATA1615826', NULL, 'ENCRYPTED DATA1615826', '2000-01-01', 'BZV01225', '2019-01-23', '2028-01-23', 'CG', 'CG', NULL, NULL, 'test', 'T32', 'Yoka Mossa Claude', NULL, 'Compte courant', 'Salaire', 'Franc CFA (XAF)', NULL, NULL, NULL, 'TEST', NULL, 'TEST', NULL, 'TEST', NULL, NULL, NULL, '442', NULL, 'Salarié | Entreprise', 'CDI', 'test', 'test', 'Supérieur à 500 000 FCFA', 'test s', 'test j', 'test R', NULL, '500 000 – 1 million FCFA', NULL, NULL, NULL, NULL, NULL, NULL, NULL, NULL, NULL, NULL, NULL),
	(27, '370005174', 11, '{"BP": "BP", "pob": "TEST", "ltel": "", "pays": "Congo", "autre": "", "email": "test@gmail.com", "country": "BRAZZAVILLE", "currency": "Franc CFA (XAF)", "lparente": "", "services": "Paiements", "last-name": "ENCRYPTED DATA462178", "telephone": "069773030", "agent-name": "", "created_by": "unknown", "first-name": "ENCRYPTED DATA462178", "student-id": "", "telephone2": "", "approved-by": "", "branch-code": "", "branch_code": "T32", "customer_id": "370005174", "father-name": "TEST", "middle-name": "", "mother-name": "TEST", "nationality": "CG", "postal-code": "442", "account_type": "Compte épargne", "business-name": "", "date-of-birth": "2000-01-01", "employer-name": "AGL", "other-purpose": "", "account_number": "37220025710", "contact_adress": "QTIER SIAFOUMOU", "magistrat-name": "", "salaried-terms": "Contrat", "account-handler": "", "account-officer": "Yoka Mossa Claude", "account-purpose": "Salaire", "business-nature": "", "debit-card-type": "", "document-number": "BZV01225", "employment-type": "Salarié", "business-kra-pin": "", "institution-name": "", "personnecontacte": "", "residence-country": "CG", "salaried-industry": "", "client-fingerprint": "", "gross-income-range": "Supérieur à 500 000 FCFA", "document-issue-date": "2019-01-23", "salaried-occupation": "", "document-expiry-date": "2028-01-23", "business-registration": "", "emergency-contact-name": "", "other-activity-description": ""}', '2026-01-27 11:32:01', '37220025710', 'ENCRYPTED DATA462178 ENCRYPTED DATA462178', '069773030', 'test@gmail.com', 'ENCRYPTED DATA462178', NULL, 'ENCRYPTED DATA462178', '2000-01-01', 'BZV01225', '2019-01-23', '2028-01-23', 'CG', 'CG', '069773030', NULL, 'AGL', 'T32', 'Yoka Mossa Claude', NULL, 'Compte épargne', 'Salaire', 'Franc CFA (XAF)', NULL, NULL, NULL, 'TEST', NULL, 'TEST', NULL, 'TEST', NULL, NULL, NULL, '442', NULL, 'Salarié', 'Contrat', NULL, NULL, 'Supérieur à 500 000 FCFA', NULL, NULL, NULL, NULL, NULL, NULL, NULL, NULL, NULL, NULL, NULL, NULL, NULL, NULL, NULL, NULL),
	(28, '370011989', 11, '{"BP": "BP", "pob": "TEST", "ltel": "", "pays": "Congo", "autre": "", "email": "test@gmail.com", "country": "BRAZZAVILLE", "currency": "Franc CFA (XAF)", "lparente": "", "services": "Prêts", "last-name": "ENCRYPTED DATA726915", "telephone": "", "agent-name": "", "created_by": "unknown", "first-name": "ENCRYPTED DATA726915", "student-id": "", "telephone2": "", "approved-by": "", "branch-code": "", "branch_code": "T32", "customer_id": "370011989", "father-name": "TEST", "middle-name": "", "mother-name": "TEST", "nationality": "CG", "postal-code": "442", "account_type": "Compte courant", "prepaid-card": "Carte prépayée", "business-name": "10000000", "date-of-birth": "2000-01-01", "employer-name": "", "other-purpose": "", "account_number": "37220026315", "contact_adress": "QTIER MPAKA", "magistrat-name": "", "turnover-range": "Supérieur à 1 million FCFA", "account-handler": "", "account-officer": "Yoka Mossa Claude", "account-purpose": "Salaire", "business-nature": "", "debit-card-type": "", "document-number": "BZV01225", "employment-type": "Entreprise", "business-kra-pin": "6060", "institution-name": "", "personnecontacte": "", "residence-country": "CG", "salaried-industry": "", "client-fingerprint": "", "document-issue-date": "2019-01-23", "salaried-occupation": "", "document-expiry-date": "2028-01-23", "business-registration": "SARL", "emergency-contact-name": "", "other-activity-description": ""}', '2026-01-27 12:00:28', '37220026315', 'ENCRYPTED DATA726915 ENCRYPTED DATA726915', NULL, 'test@gmail.com', 'ENCRYPTED DATA726915', NULL, 'ENCRYPTED DATA726915', '2000-01-01', 'BZV01225', '2019-01-23', '2028-01-23', 'CG', 'CG', NULL, NULL, NULL, 'T32', 'Yoka Mossa Claude', NULL, 'Compte courant', 'Salaire', 'Franc CFA (XAF)', NULL, NULL, NULL, 'TEST', NULL, 'TEST', NULL, 'TEST', NULL, NULL, NULL, '442', NULL, 'Entreprise', NULL, NULL, NULL, NULL, '10000000', 'SARL', '6060', NULL, 'Supérieur à 1 million FCFA', NULL, NULL, NULL, NULL, NULL, NULL, NULL, NULL, NULL, NULL, NULL),
	(30, '370015221', 11, '{"BP": "", "pob": "", "ltel": "", "pays": "", "autre": "", "email": "", "gender": "Masculin", "country": "", "currency": "Franc CFA (XAF)", "lparente": "", "last-name": "ENCRYPTED DATA855476", "telephone": "", "agent-name": "", "created_by": "unknown", "first-name": "ENCRYPTED DATA855476", "student-id": "", "telephone2": "", "approved-by": "", "branch-code": "", "branch_code": "T31", "customer_id": "370015221", "father-name": "", "middle-name": "", "mother-name": "", "nationality": "CG", "postal-code": "", "account_type": "Compte courant", "business-name": "", "date-of-birth": "", "employer-name": "", "other-purpose": "", "account_number": "37285009468", "contact_adress": "QUARTIE NKOUIKOU", "magistrat-name": "", "account-handler": "", "account-officer": "Yoka Mossa Claude", "account-purpose": "Salaire", "business-nature": "", "debit-card-type": "", "document-number": "", "employment-type": "Salarié", "business-kra-pin": "", "institution-name": "", "personnecontacte": "", "residence-country": "CG", "salaried-industry": "", "client-fingerprint": "", "document-issue-date": "", "salaried-occupation": "", "document-expiry-date": "", "business-registration": "", "emergency-contact-name": "", "other-activity-description": ""}', '2026-01-28 09:07:15', '37285009468', 'ENCRYPTED DATA855476 ENCRYPTED DATA855476', NULL, NULL, 'ENCRYPTED DATA855476', NULL, 'ENCRYPTED DATA855476', NULL, NULL, NULL, NULL, 'CG', 'CG', NULL, NULL, NULL, 'T31', 'Yoka Mossa Claude', NULL, 'Compte courant', 'Salaire', 'Franc CFA (XAF)', NULL, NULL, 'Masculin', NULL, NULL, NULL, NULL, NULL, NULL, NULL, NULL, NULL, NULL, 'Salarié', NULL, NULL, NULL, NULL, NULL, NULL, NULL, NULL, NULL, NULL, NULL, NULL, NULL, NULL, NULL, NULL, NULL, NULL, NULL, NULL);

-- Dumping structure for table accountopening_db.notifications
CREATE TABLE IF NOT EXISTS `notifications` (
  `id` int NOT NULL AUTO_INCREMENT,
  `emp_id` int DEFAULT NULL,
  `message` text,
  `type` varchar(50) DEFAULT NULL,
  `created_at` datetime DEFAULT CURRENT_TIMESTAMP,
  `is_read` tinyint(1) DEFAULT '0',
  PRIMARY KEY (`id`),
  KEY `emp_id` (`emp_id`),
  KEY `created_at` (`created_at`)
) ENGINE=InnoDB DEFAULT CHARSET=utf8mb4 COLLATE=utf8mb4_0900_ai_ci;

-- Dumping data for table accountopening_db.notifications: ~0 rows (approximately)

-- Dumping structure for table accountopening_db.tblagences
CREATE TABLE IF NOT EXISTS `tblagences` (
  `id` int NOT NULL AUTO_INCREMENT,
  `AgenceName` varchar(255) COLLATE utf8mb4_general_ci DEFAULT NULL,
  `AgenceShortName` varchar(50) COLLATE utf8mb4_general_ci DEFAULT NULL,
  `CreationDate` timestamp NULL DEFAULT NULL,
  PRIMARY KEY (`id`)
) ENGINE=InnoDB AUTO_INCREMENT=6 DEFAULT CHARSET=utf8mb4 COLLATE=utf8mb4_general_ci;

-- Dumping data for table accountopening_db.tblagences: ~3 rows (approximately)
INSERT INTO `tblagences` (`id`, `AgenceName`, `AgenceShortName`, `CreationDate`) VALUES
	(1, 'Siège', 'T31', '2026-01-27 11:34:07'),
	(2, 'Lumumba', 'T32', '2026-01-27 11:34:16'),
	(3, 'Atlantic', 'T33', '2026-01-27 11:34:19'),
	(4, 'Poto-Poto', 'T34', '2026-03-16 15:29:04'),
	(5, 'Bacongo', 'T41', '2026-03-16 15:29:06');

-- Dumping structure for table accountopening_db.tblcompte
CREATE TABLE IF NOT EXISTS `tblcompte` (
  `id` int unsigned NOT NULL AUTO_INCREMENT,
  `emp_id` int NOT NULL,
  `firstname` varchar(255) COLLATE utf8mb4_unicode_ci DEFAULT NULL,
  `account_number` varchar(64) CHARACTER SET utf8mb4 COLLATE utf8mb4_unicode_ci DEFAULT NULL,
  `branch_code` varchar(225) CHARACTER SET utf8mb4 COLLATE utf8mb4_unicode_ci DEFAULT NULL,
  `type_compte` varchar(200) COLLATE utf8mb4_unicode_ci DEFAULT NULL,
  `access` text CHARACTER SET utf8mb4 COLLATE utf8mb4_unicode_ci,
  `ident_etud` varchar(255) CHARACTER SET utf8mb4 COLLATE utf8mb4_unicode_ci DEFAULT NULL,
  `email` varchar(255) CHARACTER SET utf8mb4 COLLATE utf8mb4_unicode_ci DEFAULT NULL,
  `mobile1` varchar(50) CHARACTER SET utf8mb4 COLLATE utf8mb4_unicode_ci DEFAULT NULL,
  `nip` varchar(100) CHARACTER SET utf8mb4 COLLATE utf8mb4_unicode_ci DEFAULT NULL,
  `services` text CHARACTER SET utf8mb4 COLLATE utf8mb4_unicode_ci,
  `adr_rue` varchar(255) CHARACTER SET utf8mb4 COLLATE utf8mb4_unicode_ci DEFAULT NULL,
  `etabliss` varchar(255) CHARACTER SET utf8mb4 COLLATE utf8mb4_unicode_ci DEFAULT NULL,
  `devise_pref` varchar(20) CHARACTER SET utf8mb4 COLLATE utf8mb4_unicode_ci DEFAULT NULL,
  `objectif` text CHARACTER SET utf8mb4 COLLATE utf8mb4_unicode_ci,
  `titre` varchar(20) CHARACTER SET utf8mb4 COLLATE utf8mb4_unicode_ci DEFAULT NULL,
  `cond` text CHARACTER SET utf8mb4 COLLATE utf8mb4_unicode_ci,
  `noms` varchar(255) COLLATE utf8mb4_unicode_ci DEFAULT NULL,
  `prenom2` varchar(255) COLLATE utf8mb4_unicode_ci DEFAULT NULL,
  `nationalite` varchar(100) COLLATE utf8mb4_unicode_ci DEFAULT NULL,
  `lieu_naiss` varchar(255) COLLATE utf8mb4_unicode_ci DEFAULT NULL,
  `pays` varchar(100) COLLATE utf8mb4_unicode_ci DEFAULT NULL,
  `dob` date DEFAULT NULL,
  `genre` varchar(10) COLLATE utf8mb4_unicode_ci DEFAULT NULL,
  `situation` varchar(100) COLLATE utf8mb4_unicode_ci DEFAULT NULL,
  `id_type` varchar(255) COLLATE utf8mb4_unicode_ci DEFAULT NULL,
  `id_num` varchar(255) COLLATE utf8mb4_unicode_ci DEFAULT NULL,
  `date_deliv` date DEFAULT NULL,
  `date_exp` date DEFAULT NULL,
  `fiscal_pays` varchar(100) COLLATE utf8mb4_unicode_ci DEFAULT NULL,
  `mobile2` varchar(50) COLLATE utf8mb4_unicode_ci DEFAULT NULL,
  `ville` varchar(100) COLLATE utf8mb4_unicode_ci DEFAULT NULL,
  `adr_pays` varchar(100) COLLATE utf8mb4_unicode_ci DEFAULT NULL,
  `employeur` varchar(255) COLLATE utf8mb4_unicode_ci DEFAULT NULL,
  `revenu` varchar(50) COLLATE utf8mb4_unicode_ci DEFAULT NULL,
  `date_enregistrement` timestamp NOT NULL DEFAULT CURRENT_TIMESTAMP,
  PRIMARY KEY (`id`),
  KEY `emp_id` (`emp_id`)
) ENGINE=InnoDB AUTO_INCREMENT=6 DEFAULT CHARSET=utf8mb4 COLLATE=utf8mb4_unicode_ci;

-- Dumping data for table accountopening_db.tblcompte: ~4 rows (approximately)
INSERT INTO `tblcompte` (`id`, `emp_id`, `firstname`, `account_number`, `branch_code`, `type_compte`, `access`, `ident_etud`, `email`, `mobile1`, `nip`, `services`, `adr_rue`, `etabliss`, `devise_pref`, `objectif`, `titre`, `cond`, `noms`, `prenom2`, `nationalite`, `lieu_naiss`, `pays`, `dob`, `genre`, `situation`, `id_type`, `id_num`, `date_deliv`, `date_exp`, `fiscal_pays`, `mobile2`, `ville`, `adr_pays`, `employeur`, `revenu`, `date_enregistrement`) VALUES
	(1, 11, 'Oliveira gad YOKA MOSSA', '37285010116', 'T31', '25', 'reçu', '9067725', 'test@gmail.com', '+242069773030', '123456789', 'COURANT', 'TEST address', '1', NULL, NULL, NULL, NULL, NULL, NULL, NULL, NULL, NULL, NULL, NULL, NULL, NULL, NULL, NULL, NULL, NULL, NULL, NULL, NULL, NULL, NULL, '2026-02-14 14:27:09'),
	(2, 11, 'AGL', '37610001487', 'T33', '25', 'En Cours', '9067725', 'test@gmail.com', '069773030', '30014-00008-37610001487-84', 'COURANT', 'TEST address', '1', 'OUI', 'OUI', 'OUI', NULL, NULL, NULL, NULL, NULL, NULL, NULL, NULL, NULL, NULL, NULL, NULL, NULL, NULL, NULL, NULL, NULL, NULL, NULL, '2026-03-03 15:21:42'),
	(3, 11, 'test testP', '37152323001', 'T32', '50', 'En Cours', '9067725', 'test@gmail.com', '069773075', '30014-00008-37610001487-88', 'COURANT', 'TEST ADRESSE', '1', 'NON', 'OUI', 'OUI', NULL, NULL, NULL, NULL, NULL, NULL, NULL, NULL, NULL, NULL, NULL, NULL, NULL, NULL, NULL, NULL, NULL, NULL, NULL, '2026-03-05 13:55:03'),
	(4, 11, 'test testP', '37285009468', 'T31', '50', 'reçu', '9067676', 'test@gmail.com', '069773075', '30014-00003-37285010087-05', 'COURANT', 'TEST address', '2', 'NON', 'OUI', 'OUI', NULL, NULL, NULL, NULL, NULL, NULL, NULL, NULL, NULL, NULL, NULL, NULL, NULL, NULL, NULL, NULL, NULL, NULL, NULL, '2026-03-09 16:09:19'),
	(5, 11, 'test testP', '123456789', 'T33', '25', 'reçu', '900000000', 'test@gmail.com', '069773030', '123456789000', 'COURANT', 'TEST address', '2', 'OUI', 'OUI', 'OUI', NULL, NULL, NULL, NULL, NULL, NULL, NULL, NULL, NULL, NULL, NULL, NULL, NULL, NULL, NULL, NULL, NULL, NULL, NULL, '2026-03-20 14:13:19');

-- Dumping structure for table accountopening_db.tblcompte_account_number_backup
CREATE TABLE IF NOT EXISTS `tblcompte_account_number_backup` (
  `id` int NOT NULL,
  `old_account_number` varchar(64) DEFAULT NULL,
  `backup_at` datetime NOT NULL,
  PRIMARY KEY (`id`)
) ENGINE=InnoDB DEFAULT CHARSET=utf8mb4 COLLATE=utf8mb4_0900_ai_ci;

-- Dumping data for table accountopening_db.tblcompte_account_number_backup: ~0 rows (approximately)

-- Dumping structure for table accountopening_db.tbldepartments
CREATE TABLE IF NOT EXISTS `tbldepartments` (
  `id` int NOT NULL AUTO_INCREMENT,
  `DepartmentName` varchar(150) CHARACTER SET utf8mb4 COLLATE utf8mb4_general_ci DEFAULT NULL,
  `DepartmentShortName` varchar(100) CHARACTER SET utf8mb4 COLLATE utf8mb4_general_ci NOT NULL,
  `CreationDate` timestamp NULL DEFAULT CURRENT_TIMESTAMP,
  PRIMARY KEY (`id`)
) ENGINE=InnoDB AUTO_INCREMENT=8 DEFAULT CHARSET=latin1;

-- Dumping data for table accountopening_db.tbldepartments: ~5 rows (approximately)
INSERT INTO `tbldepartments` (`id`, `DepartmentName`, `DepartmentShortName`, `CreationDate`) VALUES
	(2, 'Information Technologies', 'IT', '2017-11-01 07:19:37'),
	(4, 'Controle interne', 'CI', '2025-07-11 13:23:21'),
	(5, 'Commercial Banking', 'CMB', '2025-07-11 15:38:06'),
	(6, 'Consumer', 'Consumer', '2025-07-11 15:45:50');

-- Dumping structure for table accountopening_db.tblemployees
CREATE TABLE IF NOT EXISTS `tblemployees` (
  `emp_id` int NOT NULL AUTO_INCREMENT,
  `FirstName` varchar(150) CHARACTER SET utf8mb4 COLLATE utf8mb4_general_ci NOT NULL,
  `LastName` varchar(150) CHARACTER SET utf8mb4 COLLATE utf8mb4_general_ci NOT NULL,
  `Username` varchar(200) CHARACTER SET utf8mb4 COLLATE utf8mb4_general_ci DEFAULT NULL,
  `Position` varchar(100) CHARACTER SET utf8mb4 COLLATE utf8mb4_general_ci NOT NULL,
  `AgenceShortName` varchar(200) CHARACTER SET latin1 COLLATE latin1_swedish_ci DEFAULT NULL,
  `EmailId` varchar(200) CHARACTER SET utf8mb4 COLLATE utf8mb4_general_ci NOT NULL,
  `Password` varchar(180) CHARACTER SET utf8mb4 COLLATE utf8mb4_general_ci NOT NULL,
  `Department` varchar(255) CHARACTER SET utf8mb4 COLLATE utf8mb4_general_ci NOT NULL,
  `Status` varchar(10) CHARACTER SET utf8mb4 COLLATE utf8mb4_general_ci NOT NULL,
  `RegDate` timestamp NOT NULL DEFAULT CURRENT_TIMESTAMP,
  `role` varchar(30) CHARACTER SET utf8mb4 COLLATE utf8mb4_general_ci NOT NULL,
  `location` varchar(200) CHARACTER SET utf8mb4 COLLATE utf8mb4_general_ci NOT NULL,
  `twofa_secret` varchar(255) CHARACTER SET utf8mb4 COLLATE utf8mb4_general_ci DEFAULT NULL,
  `twofa_enabled` tinyint(1) DEFAULT '0',
  `password_changed` tinyint(1) DEFAULT '0',
  PRIMARY KEY (`emp_id`),
  KEY `AgenceShortName` (`AgenceShortName`)
) ENGINE=InnoDB AUTO_INCREMENT=23 DEFAULT CHARSET=latin1;

-- Dumping data for table accountopening_db.tblemployees: ~8 rows (approximately)
INSERT INTO `tblemployees` (`emp_id`, `FirstName`, `LastName`, `Username`, `Position`, `AgenceShortName`, `EmailId`, `Password`, `Department`, `Status`, `RegDate`, `role`, `location`, `twofa_secret`, `twofa_enabled`, `password_changed`) VALUES
	(2, 'Admin', 'Admin', 'admin', 'Registra', 'T31', 'admin@gmail.com', '$2y$10$CnNOVb3dtebEkp6ErbkXOeHb00fgImLg2u0bXHof0lO1GaZKsVw5q', 'ICT', 'Offline', '2017-11-10 13:40:02', 'Admin', 'claude.JPG', NULL, 0, 1),
	(4, 'Nathaniel', 'Nkrumah', 'nkrumah', 'ICT Director', 'T31', 'rk@gmail.com', '21232f297a57a5a743894a0e4a801fc3', 'ICT', 'Offline', '2017-11-10 13:40:02', 'Admin', 'NO-IMAGE-AVAILABLE.jpg', NULL, 0, 0),
	(9, 'Richard', 'Awuni', 'Awuni', 'Head IT', 'T31', 'knath@gmail.com', '$2y$10$/F1alZEULaMs0YU0e0rCZ.2T7qvp3iV4gEieoIDWDqCH6oCB/QlY.', 'ICT', 'Offline', '2022-08-04 18:06:27', 'CI', 'photo8.jpg', 'CMYYXVMISCIZZ4OB', 1, 1),
	(10, 'NKOUSSOU', 'Set', 'Snkoussou', 'IT Application', 'T31', 'snkoussou@ecobank.com', '$2y$10$cM83cF.FCuJH0SvJM0i0g.xiIP.8gjF9g3R.TE/bSskE2h2NEeYTi', 'ICT', 'Offline', '2022-08-04 18:18:50', 'cso', 'photo4.jpg', 'WU44744YWAKHE5GP', 1, 1),
	(11, 'Yoka Mossa', 'Claude', 'Yclaude', 'IT', 'T31', 'c@gmail.com', '$2y$10$97ke0HFlZ5m5lsBi10aRces/F7CGTfcNzLACiQpyP0.O3/u9Vokz6', 'ICT', 'Online', '2025-07-08 13:04:13', 'cso', 'claude.JPG', 'XQ72GJGCXDL6XLL5', 1, 1),
	(17, 'KIKOTA', 'Farnise', 'fkikota', 'IT delivery', 'T31', 'kikota@gmail.com', 'd41e98d1eafa6d6011d3a70f1a5b92f0', 'ICT', 'Offline', '2025-07-22 11:40:13', 'cso', 'NO-IMAGE-AVAILABLE.jpg', NULL, 0, 0),
	(19, 'BOUHOYI NKOUMBA', 'Grace', 'gbouhoyi', 'Head Contrôle Interne', 'T31', 'gbouhoyi@ecobank.com', '$2y$10$eRTAe.dk9oMgqD/nDIoZe.kgLyfJ68cC83JGOelDeAJwz3kWxCEVy', 'CI', 'Offline', '2025-08-12 14:12:03', 'CI', 'NO-IMAGE-AVAILABLE.jpg', NULL, 0, 1);

-- Dumping structure for table accountopening_db.tblnotification
CREATE TABLE IF NOT EXISTS `tblnotification` (
  `id` int NOT NULL AUTO_INCREMENT,
  `emp_id` int DEFAULT NULL,
  `message` text,
  `type` varchar(50) DEFAULT NULL,
  `submission_id` int DEFAULT NULL,
  `created_at` datetime DEFAULT CURRENT_TIMESTAMP,
  `is_read` tinyint(1) DEFAULT '0',
  PRIMARY KEY (`id`),
  KEY `emp_id` (`emp_id`),
  KEY `created_at` (`created_at`)
) ENGINE=InnoDB AUTO_INCREMENT=305 DEFAULT CHARSET=utf8mb4 COLLATE=utf8mb4_0900_ai_ci;

-- Dumping data for table accountopening_db.tblnotification: ~233 rows (approximately)
INSERT INTO `tblnotification` (`id`, `emp_id`, `message`, `type`, `submission_id`, `created_at`, `is_read`) VALUES
	(1, 11, 'Demande de chéquier effectuée pour le compte 37155022414 - Client:  (Demande #1)', 'chequier_created', 1, '2026-02-14 14:25:55', 0),
	(2, 11, 'Demande de chéquier effectuée - Client: Oliveira gad YOKA MOSSA  - Type: 25 Feuilles', 'chequier_request', 1, '2026-02-14 15:27:09', 0),
	(3, 19, 'Demande de chéquier effectuée pour le compte +242069773030 - Client: Oliveira gad YOKA MOSSA (Demande #1)', 'chequier_created', NULL, '2026-02-16 13:56:13', 0),
	(4, 19, 'Demande de chéquier effectuée pour le compte +242069773030 - Client: Oliveira gad YOKA MOSSA (Demande #1)', 'chequier_created', NULL, '2026-02-16 13:56:33', 0),
	(5, 19, 'Demande de chéquier effectuée pour le compte +242069773030 - Client: Oliveira gad YOKA MOSSA (Demande #1)', 'chequier_created', NULL, '2026-02-17 08:12:30', 0),
	(6, 19, 'Demande de chéquier effectuée pour le compte +242069773030 - Client: Oliveira gad YOKA MOSSA (Demande #1)', 'chequier_created', NULL, '2026-03-03 08:35:10', 0),
	(7, 19, 'Demande de chéquier effectuée pour le compte +242069773030 - Client: Oliveira gad YOKA MOSSA (Demande #1)', 'chequier_created', NULL, '2026-03-03 08:37:08', 0),
	(8, 19, 'Demande de chéquier effectuée pour le compte +242069773030 - Client: Oliveira gad YOKA MOSSA (Demande #1)', 'chequier_created', NULL, '2026-03-03 08:37:44', 0),
	(9, 11, 'Demande de chéquier effectuée - Client: AGL  - Type: 25 Feuilles', 'chequier_request', 2, '2026-03-03 16:21:42', 1),
	(10, 19, 'Demande de chéquier effectuée pour le compte 069773030 - Client: AGL (Demande #2)', 'chequier_created', NULL, '2026-03-03 15:22:10', 0),
	(11, 19, 'Demande de chéquier effectuée pour le compte +242069773030 - Client: Oliveira gad YOKA MOSSA (Demande #1)', 'chequier_created', NULL, '2026-03-03 15:22:10', 0),
	(12, 19, 'Demande de chéquier effectuée pour le compte Ref Int 37610001487 - Client: AGL (Demande #2)', 'chequier_created', NULL, '2026-03-03 16:25:44', 0),
	(13, 19, 'Demande de chéquier effectuée pour le compte 37285010116 - Client: Oliveira gad YOKA MOSSA (Demande #1)', 'chequier_created', NULL, '2026-03-03 16:25:44', 0),
	(14, 19, 'Demande de chéquier effectuée pour le compte Ref Int 37610001487 - Client: AGL (Demande #2)', 'chequier_created', NULL, '2026-03-03 16:26:59', 0),
	(15, 19, 'Demande de chéquier effectuée pour le compte 37285010116 - Client: Oliveira gad YOKA MOSSA (Demande #1)', 'chequier_created', NULL, '2026-03-03 16:26:59', 0),
	(16, 19, 'Demande de chéquier effectuée pour le compte Ref Int 37610001487 - Client: AGL (Demande #2)', 'chequier_created', NULL, '2026-03-03 16:28:59', 0),
	(17, 19, 'Demande de chéquier effectuée pour le compte 37285010116 - Client: Oliveira gad YOKA MOSSA (Demande #1)', 'chequier_created', NULL, '2026-03-03 16:28:59', 0),
	(18, 19, 'Demande de chéquier effectuée pour le compte Ref Int 37610001487 - Client: AGL (Demande #2)', 'chequier_created', NULL, '2026-03-03 16:30:40', 0),
	(19, 19, 'Demande de chéquier effectuée pour le compte 37285010116 - Client: Oliveira gad YOKA MOSSA (Demande #1)', 'chequier_created', NULL, '2026-03-03 16:30:40', 0),
	(20, 19, 'Demande de chéquier effectuée pour le compte 37610001487 - Client: AGL (Demande #2)', 'chequier_created', NULL, '2026-03-03 16:31:38', 0),
	(21, 19, 'Demande de chéquier effectuée pour le compte 37285010116 - Client: Oliveira gad YOKA MOSSA (Demande #1)', 'chequier_created', NULL, '2026-03-03 16:31:38', 0),
	(22, 19, 'Demande de chéquier effectuée pour le compte 37610001487 - Client: AGL (Demande #2)', 'chequier_created', NULL, '2026-03-03 16:37:28', 0),
	(23, 19, 'Demande de chéquier effectuée pour le compte 37285010116 - Client: Oliveira gad YOKA MOSSA (Demande #1)', 'chequier_created', NULL, '2026-03-03 16:37:28', 0),
	(24, 19, 'Demande de chéquier effectuée pour le compte 37610001487 - Client: AGL (Demande #2)', 'chequier_created', NULL, '2026-03-03 16:43:49', 0),
	(25, 19, 'Demande de chéquier effectuée pour le compte 37285010116 - Client: Oliveira gad YOKA MOSSA (Demande #1)', 'chequier_created', NULL, '2026-03-03 16:43:49', 0),
	(26, 19, 'Demande de chéquier effectuée pour le compte 37610001487 - Client: AGL (Demande #2)', 'chequier_created', NULL, '2026-03-03 16:50:08', 0),
	(27, 19, 'Demande de chéquier effectuée pour le compte 37285010116 - Client: Oliveira gad YOKA MOSSA (Demande #1)', 'chequier_created', NULL, '2026-03-03 16:50:08', 0),
	(28, 19, 'Demande de chéquier effectuée pour le compte 37610001487 - Client: AGL (Demande #2)', 'chequier_created', NULL, '2026-03-03 16:51:49', 0),
	(29, 19, 'Demande de chéquier effectuée pour le compte 37285010116 - Client: Oliveira gad YOKA MOSSA (Demande #1)', 'chequier_created', NULL, '2026-03-03 16:51:49', 0),
	(30, 19, 'Demande de chéquier effectuée pour le compte 37610001487 - Client: AGL (Demande #2)', 'chequier_created', NULL, '2026-03-03 16:52:26', 0),
	(31, 19, 'Demande de chéquier effectuée pour le compte 37285010116 - Client: Oliveira gad YOKA MOSSA (Demande #1)', 'chequier_created', NULL, '2026-03-03 16:52:26', 0),
	(32, 19, 'Demande de chéquier effectuée pour le compte 37610001487 - Client: AGL (Demande #2)', 'chequier_created', NULL, '2026-03-04 06:41:08', 0),
	(33, 19, 'Demande de chéquier effectuée pour le compte 37285010116 - Client: Oliveira gad YOKA MOSSA (Demande #1)', 'chequier_created', NULL, '2026-03-04 06:41:08', 0),
	(34, 19, 'Demande de chéquier effectuée pour le compte 37610001487 - Client: AGL (Demande #2)', 'chequier_created', NULL, '2026-03-04 06:45:25', 0),
	(35, 19, 'Demande de chéquier effectuée pour le compte 37285010116 - Client: Oliveira gad YOKA MOSSA (Demande #1)', 'chequier_created', NULL, '2026-03-04 06:45:25', 0),
	(36, 19, 'Demande de chéquier effectuée pour le compte 37610001487 - Client: AGL (Demande #2)', 'chequier_created', NULL, '2026-03-04 07:13:33', 0),
	(37, 19, 'Demande de chéquier effectuée pour le compte 37285010116 - Client: Oliveira gad YOKA MOSSA (Demande #1)', 'chequier_created', NULL, '2026-03-04 07:13:33', 0),
	(38, 19, 'Demande de chéquier effectuée pour le compte 37610001487 - Client: AGL (Demande #2)', 'chequier_created', NULL, '2026-03-04 07:15:04', 0),
	(39, 19, 'Demande de chéquier effectuée pour le compte 37285010116 - Client: Oliveira gad YOKA MOSSA (Demande #1)', 'chequier_created', NULL, '2026-03-04 07:15:04', 0),
	(40, 19, 'Demande de chéquier effectuée pour le compte 37610001487 - Client: AGL (Demande #2)', 'chequier_created', NULL, '2026-03-04 07:15:30', 0),
	(41, 19, 'Demande de chéquier effectuée pour le compte 37285010116 - Client: Oliveira gad YOKA MOSSA (Demande #1)', 'chequier_created', NULL, '2026-03-04 07:15:30', 0),
	(42, 19, 'Demande de chéquier effectuée pour le compte 37610001487 - Client: AGL (Demande #2)', 'chequier_created', NULL, '2026-03-04 07:15:57', 0),
	(43, 19, 'Demande de chéquier effectuée pour le compte 37285010116 - Client: Oliveira gad YOKA MOSSA (Demande #1)', 'chequier_created', NULL, '2026-03-04 07:15:57', 0),
	(44, 19, 'Demande de chéquier effectuée pour le compte 37610001487 - Client: AGL (Demande #2)', 'chequier_created', NULL, '2026-03-04 07:16:11', 0),
	(45, 19, 'Demande de chéquier effectuée pour le compte 37285010116 - Client: Oliveira gad YOKA MOSSA (Demande #1)', 'chequier_created', NULL, '2026-03-04 07:16:11', 0),
	(46, 19, 'Demande de chéquier effectuée pour le compte 37610001487 - Client: AGL (Demande #2)', 'chequier_created', NULL, '2026-03-04 07:19:14', 0),
	(47, 19, 'Demande de chéquier effectuée pour le compte 37285010116 - Client: Oliveira gad YOKA MOSSA (Demande #1)', 'chequier_created', NULL, '2026-03-04 07:19:14', 0),
	(48, 19, 'Demande de chéquier effectuée pour le compte 37610001487 - Client: AGL (Demande #2)', 'chequier_created', NULL, '2026-03-04 07:26:53', 0),
	(49, 19, 'Demande de chéquier effectuée pour le compte 37285010116 - Client: Oliveira gad YOKA MOSSA (Demande #1)', 'chequier_created', NULL, '2026-03-04 07:26:53', 0),
	(50, 19, 'Demande de chéquier effectuée pour le compte 37610001487 - Client: AGL (Demande #2)', 'chequier_created', NULL, '2026-03-04 07:28:11', 0),
	(51, 19, 'Demande de chéquier effectuée pour le compte 37285010116 - Client: Oliveira gad YOKA MOSSA (Demande #1)', 'chequier_created', NULL, '2026-03-04 07:28:11', 0),
	(52, 19, 'Demande de chéquier effectuée pour le compte 37610001487 - Client: AGL (Demande #2)', 'chequier_created', NULL, '2026-03-04 07:33:00', 0),
	(53, 19, 'Demande de chéquier effectuée pour le compte 37285010116 - Client: Oliveira gad YOKA MOSSA (Demande #1)', 'chequier_created', NULL, '2026-03-04 07:33:00', 0),
	(54, 19, 'Demande de chéquier effectuée pour le compte 37610001487 - Client: AGL (Demande #2)', 'chequier_created', NULL, '2026-03-04 07:34:22', 0),
	(55, 19, 'Demande de chéquier effectuée pour le compte 37285010116 - Client: Oliveira gad YOKA MOSSA (Demande #1)', 'chequier_created', NULL, '2026-03-04 07:34:22', 0),
	(56, 19, 'Demande de chéquier effectuée pour le compte 37610001487 - Client: AGL (Demande #2)', 'chequier_created', NULL, '2026-03-05 08:18:43', 0),
	(57, 19, 'Demande de chéquier effectuée pour le compte 37285010116 - Client: Oliveira gad YOKA MOSSA (Demande #1)', 'chequier_created', NULL, '2026-03-05 08:18:43', 0),
	(58, 19, 'Demande de chéquier effectuée pour le compte 37610001487 - Client: AGL (Demande #2)', 'chequier_created', NULL, '2026-03-05 11:29:55', 0),
	(59, 19, 'Demande de chéquier effectuée pour le compte 37285010116 - Client: Oliveira gad YOKA MOSSA (Demande #1)', 'chequier_created', NULL, '2026-03-05 11:29:55', 0),
	(60, 19, 'Demande de chéquier effectuée pour le compte 37610001487 - Client: AGL (Demande #2)', 'chequier_created', NULL, '2026-03-05 11:38:24', 0),
	(61, 19, 'Demande de chéquier effectuée pour le compte 37285010116 - Client: Oliveira gad YOKA MOSSA (Demande #1)', 'chequier_created', NULL, '2026-03-05 11:38:24', 0),
	(62, 19, 'Demande de chéquier effectuée pour le compte 37610001487 - Client: AGL (Demande #2)', 'chequier_created', NULL, '2026-03-05 11:39:36', 0),
	(63, 19, 'Demande de chéquier effectuée pour le compte 37285010116 - Client: Oliveira gad YOKA MOSSA (Demande #1)', 'chequier_created', NULL, '2026-03-05 11:39:36', 0),
	(64, 19, 'Demande de chéquier effectuée pour le compte 37610001487 - Client: AGL (Demande #2)', 'chequier_created', NULL, '2026-03-05 11:41:22', 0),
	(65, 19, 'Demande de chéquier effectuée pour le compte 37285010116 - Client: Oliveira gad YOKA MOSSA (Demande #1)', 'chequier_created', NULL, '2026-03-05 11:41:22', 0),
	(66, 19, 'Demande de chéquier effectuée pour le compte 37610001487 - Client: AGL (Demande #2)', 'chequier_created', NULL, '2026-03-05 11:43:33', 0),
	(67, 19, 'Demande de chéquier effectuée pour le compte 37285010116 - Client: Oliveira gad YOKA MOSSA (Demande #1)', 'chequier_created', NULL, '2026-03-05 11:43:33', 0),
	(68, 19, 'Demande de chéquier effectuée pour le compte 37610001487 - Client: AGL (Demande #2)', 'chequier_created', NULL, '2026-03-05 11:46:19', 0),
	(69, 19, 'Demande de chéquier effectuée pour le compte 37285010116 - Client: Oliveira gad YOKA MOSSA (Demande #1)', 'chequier_created', NULL, '2026-03-05 11:46:19', 0),
	(70, 19, 'Demande de chéquier effectuée pour le compte 37610001487 - Client: AGL (Demande #2)', 'chequier_created', NULL, '2026-03-05 11:51:06', 0),
	(71, 19, 'Demande de chéquier effectuée pour le compte 37285010116 - Client: Oliveira gad YOKA MOSSA (Demande #1)', 'chequier_created', NULL, '2026-03-05 11:51:06', 0),
	(72, 19, 'Demande de chéquier effectuée pour le compte 37610001487 - Client: AGL (Demande #2)', 'chequier_created', NULL, '2026-03-05 11:52:55', 0),
	(73, 19, 'Demande de chéquier effectuée pour le compte 37285010116 - Client: Oliveira gad YOKA MOSSA (Demande #1)', 'chequier_created', NULL, '2026-03-05 11:52:55', 0),
	(74, 19, 'Demande de chéquier effectuée pour le compte 37610001487 - Client: AGL (Demande #2)', 'chequier_created', NULL, '2026-03-05 12:06:49', 0),
	(75, 19, 'Demande de chéquier effectuée pour le compte 37285010116 - Client: Oliveira gad YOKA MOSSA (Demande #1)', 'chequier_created', NULL, '2026-03-05 12:06:49', 0),
	(76, 19, 'Demande de chéquier effectuée pour le compte 37610001487 - Client: AGL (Demande #2)', 'chequier_created', NULL, '2026-03-05 12:09:16', 0),
	(77, 19, 'Demande de chéquier effectuée pour le compte 37285010116 - Client: Oliveira gad YOKA MOSSA (Demande #1)', 'chequier_created', NULL, '2026-03-05 12:09:16', 0),
	(78, 19, 'Demande de chéquier effectuée pour le compte 37610001487 - Client: AGL (Demande #2)', 'chequier_created', NULL, '2026-03-05 12:13:34', 0),
	(79, 19, 'Demande de chéquier effectuée pour le compte 37285010116 - Client: Oliveira gad YOKA MOSSA (Demande #1)', 'chequier_created', NULL, '2026-03-05 12:13:34', 0),
	(80, 19, 'Demande de chéquier effectuée pour le compte 37610001487 - Client: AGL (Demande #2)', 'chequier_created', NULL, '2026-03-05 13:51:27', 0),
	(81, 19, 'Demande de chéquier effectuée pour le compte 37285010116 - Client: Oliveira gad YOKA MOSSA (Demande #1)', 'chequier_created', NULL, '2026-03-05 13:51:27', 0),
	(82, 19, 'Demande de chéquier effectuée pour le compte 37610001487 - Client: AGL (Demande #2)', 'chequier_created', NULL, '2026-03-05 13:52:40', 0),
	(83, 19, 'Demande de chéquier effectuée pour le compte 37285010116 - Client: Oliveira gad YOKA MOSSA (Demande #1)', 'chequier_created', NULL, '2026-03-05 13:52:40', 0),
	(84, 11, 'Demande de chéquier effectuée - Client: test testP  - Type: 50', 'chequier_request', 3, '2026-03-05 14:55:03', 0),
	(85, 19, 'Demande de chéquier effectuée pour le compte 37152323001 - Client: test testP (Demande #3)', 'chequier_created', NULL, '2026-03-05 13:55:28', 0),
	(86, 19, 'Demande de chéquier effectuée pour le compte 37610001487 - Client: AGL (Demande #2)', 'chequier_created', NULL, '2026-03-05 13:55:28', 0),
	(87, 19, 'Demande de chéquier effectuée pour le compte 37285010116 - Client: Oliveira gad YOKA MOSSA (Demande #1)', 'chequier_created', NULL, '2026-03-05 13:55:28', 0),
	(88, 19, 'Demande de chéquier effectuée pour le compte 37152323001 - Client: test testP (Demande #3)', 'chequier_created', NULL, '2026-03-05 14:03:53', 0),
	(89, 19, 'Demande de chéquier effectuée pour le compte 37610001487 - Client: AGL (Demande #2)', 'chequier_created', NULL, '2026-03-05 14:03:53', 0),
	(90, 19, 'Demande de chéquier effectuée pour le compte 37285010116 - Client: Oliveira gad YOKA MOSSA (Demande #1)', 'chequier_created', NULL, '2026-03-05 14:03:53', 0),
	(91, 19, 'Demande de chéquier effectuée pour le compte 37152323001 - Client: test testP (Demande #3)', 'chequier_created', NULL, '2026-03-05 14:04:49', 0),
	(92, 19, 'Demande de chéquier effectuée pour le compte 37610001487 - Client: AGL (Demande #2)', 'chequier_created', NULL, '2026-03-05 14:04:49', 0),
	(93, 19, 'Demande de chéquier effectuée pour le compte 37285010116 - Client: Oliveira gad YOKA MOSSA (Demande #1)', 'chequier_created', NULL, '2026-03-05 14:04:49', 0),
	(94, 19, 'Demande de chéquier effectuée pour le compte 37152323001 - Client: test testP (Demande #3)', 'chequier_created', NULL, '2026-03-05 14:11:26', 0),
	(95, 19, 'Demande de chéquier effectuée pour le compte 37610001487 - Client: AGL (Demande #2)', 'chequier_created', NULL, '2026-03-05 14:11:26', 0),
	(96, 19, 'Demande de chéquier effectuée pour le compte 37285010116 - Client: Oliveira gad YOKA MOSSA (Demande #1)', 'chequier_created', NULL, '2026-03-05 14:11:26', 0),
	(97, 19, 'Demande de chéquier effectuée pour le compte 37152323001 - Client: test testP (Demande #3)', 'chequier_created', NULL, '2026-03-05 14:13:16', 0),
	(98, 19, 'Demande de chéquier effectuée pour le compte 37610001487 - Client: AGL (Demande #2)', 'chequier_created', NULL, '2026-03-05 14:13:16', 0),
	(99, 19, 'Demande de chéquier effectuée pour le compte 37285010116 - Client: Oliveira gad YOKA MOSSA (Demande #1)', 'chequier_created', NULL, '2026-03-05 14:13:16', 0),
	(100, 19, 'Demande de chéquier effectuée pour le compte 37152323001 - Client: test testP (Demande #3)', 'chequier_created', NULL, '2026-03-05 14:20:18', 0),
	(101, 19, 'Demande de chéquier effectuée pour le compte 37610001487 - Client: AGL (Demande #2)', 'chequier_created', NULL, '2026-03-05 14:20:18', 0),
	(102, 19, 'Demande de chéquier effectuée pour le compte 37285010116 - Client: Oliveira gad YOKA MOSSA (Demande #1)', 'chequier_created', NULL, '2026-03-05 14:20:18', 0),
	(103, 19, 'Demande de chéquier effectuée pour le compte 37152323001 - Client: test testP (Demande #3)', 'chequier_created', NULL, '2026-03-05 14:20:54', 0),
	(104, 19, 'Demande de chéquier effectuée pour le compte 37610001487 - Client: AGL (Demande #2)', 'chequier_created', NULL, '2026-03-05 14:20:54', 0),
	(105, 19, 'Demande de chéquier effectuée pour le compte 37285010116 - Client: Oliveira gad YOKA MOSSA (Demande #1)', 'chequier_created', NULL, '2026-03-05 14:20:54', 0),
	(106, 19, 'Demande de chéquier effectuée pour le compte 37152323001 - Client: test testP (Demande #3)', 'chequier_created', NULL, '2026-03-05 14:30:58', 0),
	(107, 19, 'Demande de chéquier effectuée pour le compte 37610001487 - Client: AGL (Demande #2)', 'chequier_created', NULL, '2026-03-05 14:30:58', 0),
	(108, 19, 'Demande de chéquier effectuée pour le compte 37285010116 - Client: Oliveira gad YOKA MOSSA (Demande #1)', 'chequier_created', NULL, '2026-03-05 14:30:58', 0),
	(109, 19, 'Demande de chéquier effectuée pour le compte 37152323001 - Client: test testP (Demande #3)', 'chequier_created', NULL, '2026-03-05 14:41:02', 0),
	(110, 19, 'Demande de chéquier effectuée pour le compte 37610001487 - Client: AGL (Demande #2)', 'chequier_created', NULL, '2026-03-05 14:41:02', 0),
	(111, 19, 'Demande de chéquier effectuée pour le compte 37285010116 - Client: Oliveira gad YOKA MOSSA (Demande #1)', 'chequier_created', NULL, '2026-03-05 14:41:02', 0),
	(112, 19, 'Demande de chéquier effectuée pour le compte 37152323001 - Client: test testP (Demande #3)', 'chequier_created', NULL, '2026-03-05 14:45:38', 0),
	(113, 19, 'Demande de chéquier effectuée pour le compte 37610001487 - Client: AGL (Demande #2)', 'chequier_created', NULL, '2026-03-05 14:45:38', 0),
	(114, 19, 'Demande de chéquier effectuée pour le compte 37285010116 - Client: Oliveira gad YOKA MOSSA (Demande #1)', 'chequier_created', NULL, '2026-03-05 14:45:38', 0),
	(115, 19, 'Demande de chéquier effectuée pour le compte 37152323001 - Client: test testP (Demande #3)', 'chequier_created', NULL, '2026-03-05 15:00:23', 0),
	(116, 19, 'Demande de chéquier effectuée pour le compte 37610001487 - Client: AGL (Demande #2)', 'chequier_created', NULL, '2026-03-05 15:00:23', 0),
	(117, 19, 'Demande de chéquier effectuée pour le compte 37285010116 - Client: Oliveira gad YOKA MOSSA (Demande #1)', 'chequier_created', NULL, '2026-03-05 15:00:23', 0),
	(118, 19, 'Demande de chéquier effectuée pour le compte 37152323001 - Client: test testP (Demande #3)', 'chequier_created', NULL, '2026-03-05 15:05:53', 0),
	(119, 19, 'Demande de chéquier effectuée pour le compte 37610001487 - Client: AGL (Demande #2)', 'chequier_created', NULL, '2026-03-05 15:05:53', 0),
	(120, 19, 'Demande de chéquier effectuée pour le compte 37285010116 - Client: Oliveira gad YOKA MOSSA (Demande #1)', 'chequier_created', NULL, '2026-03-05 15:05:53', 0),
	(121, 19, 'Demande de chéquier effectuée pour le compte 37152323001 - Client: test testP (Demande #3)', 'chequier_created', NULL, '2026-03-05 15:06:23', 0),
	(122, 19, 'Demande de chéquier effectuée pour le compte 37610001487 - Client: AGL (Demande #2)', 'chequier_created', NULL, '2026-03-05 15:06:23', 0),
	(123, 19, 'Demande de chéquier effectuée pour le compte 37285010116 - Client: Oliveira gad YOKA MOSSA (Demande #1)', 'chequier_created', NULL, '2026-03-05 15:06:23', 0),
	(124, 19, 'Demande de chéquier effectuée pour le compte 37152323001 - Client: test testP (Demande #3)', 'chequier_created', NULL, '2026-03-05 15:06:26', 0),
	(125, 19, 'Demande de chéquier effectuée pour le compte 37610001487 - Client: AGL (Demande #2)', 'chequier_created', NULL, '2026-03-05 15:06:26', 0),
	(126, 19, 'Demande de chéquier effectuée pour le compte 37285010116 - Client: Oliveira gad YOKA MOSSA (Demande #1)', 'chequier_created', NULL, '2026-03-05 15:06:26', 0),
	(127, 19, 'Demande de chéquier effectuée pour le compte 37152323001 - Client: test testP (Demande #3)', 'chequier_created', NULL, '2026-03-05 15:23:41', 0),
	(128, 19, 'Demande de chéquier effectuée pour le compte 37610001487 - Client: AGL (Demande #2)', 'chequier_created', NULL, '2026-03-05 15:23:41', 0),
	(129, 19, 'Demande de chéquier effectuée pour le compte 37285010116 - Client: Oliveira gad YOKA MOSSA (Demande #1)', 'chequier_created', NULL, '2026-03-05 15:23:41', 0),
	(130, 19, 'Demande de chéquier effectuée pour le compte 37152323001 - Client: test testP (Demande #3)', 'chequier_created', NULL, '2026-03-05 15:30:45', 0),
	(131, 19, 'Demande de chéquier effectuée pour le compte 37610001487 - Client: AGL (Demande #2)', 'chequier_created', NULL, '2026-03-05 15:30:45', 0),
	(132, 19, 'Demande de chéquier effectuée pour le compte 37285010116 - Client: Oliveira gad YOKA MOSSA (Demande #1)', 'chequier_created', NULL, '2026-03-05 15:30:45', 0),
	(133, 19, 'Demande de chéquier effectuée pour le compte 37152323001 - Client: test testP (Demande #3)', 'chequier_created', NULL, '2026-03-05 15:31:47', 0),
	(134, 19, 'Demande de chéquier effectuée pour le compte 37610001487 - Client: AGL (Demande #2)', 'chequier_created', NULL, '2026-03-05 15:31:47', 0),
	(135, 19, 'Demande de chéquier effectuée pour le compte 37285010116 - Client: Oliveira gad YOKA MOSSA (Demande #1)', 'chequier_created', NULL, '2026-03-05 15:31:47', 0),
	(136, 19, 'Demande de chéquier effectuée pour le compte 37152323001 - Client: test testP (Demande #3)', 'chequier_created', NULL, '2026-03-05 15:38:00', 0),
	(137, 19, 'Demande de chéquier effectuée pour le compte 37610001487 - Client: AGL (Demande #2)', 'chequier_created', NULL, '2026-03-05 15:38:00', 0),
	(138, 19, 'Demande de chéquier effectuée pour le compte 37285010116 - Client: Oliveira gad YOKA MOSSA (Demande #1)', 'chequier_created', NULL, '2026-03-05 15:38:00', 0),
	(139, 19, 'Demande de chéquier effectuée pour le compte 37152323001 - Client: test testP (Demande #3)', 'chequier_created', NULL, '2026-03-05 15:39:31', 0),
	(140, 19, 'Demande de chéquier effectuée pour le compte 37610001487 - Client: AGL (Demande #2)', 'chequier_created', NULL, '2026-03-05 15:39:31', 0),
	(141, 19, 'Demande de chéquier effectuée pour le compte 37285010116 - Client: Oliveira gad YOKA MOSSA (Demande #1)', 'chequier_created', NULL, '2026-03-05 15:39:31', 0),
	(142, 19, 'Demande de chéquier effectuée pour le compte 37152323001 - Client: test testP (Demande #3)', 'chequier_created', NULL, '2026-03-05 15:45:09', 0),
	(143, 19, 'Demande de chéquier effectuée pour le compte 37610001487 - Client: AGL (Demande #2)', 'chequier_created', NULL, '2026-03-05 15:45:09', 0),
	(144, 19, 'Demande de chéquier effectuée pour le compte 37285010116 - Client: Oliveira gad YOKA MOSSA (Demande #1)', 'chequier_created', NULL, '2026-03-05 15:45:09', 0),
	(145, 19, 'Demande de chéquier effectuée pour le compte 37152323001 - Client: test testP (Demande #3)', 'chequier_created', NULL, '2026-03-05 15:46:02', 0),
	(146, 19, 'Demande de chéquier effectuée pour le compte 37610001487 - Client: AGL (Demande #2)', 'chequier_created', NULL, '2026-03-05 15:46:02', 0),
	(147, 19, 'Demande de chéquier effectuée pour le compte 37285010116 - Client: Oliveira gad YOKA MOSSA (Demande #1)', 'chequier_created', NULL, '2026-03-05 15:46:02', 0),
	(148, 19, 'Demande de chéquier effectuée pour le compte 37152323001 - Client: test testP (Demande #3)', 'chequier_created', NULL, '2026-03-05 15:55:11', 0),
	(149, 19, 'Demande de chéquier effectuée pour le compte 37610001487 - Client: AGL (Demande #2)', 'chequier_created', NULL, '2026-03-05 15:55:11', 0),
	(150, 19, 'Demande de chéquier effectuée pour le compte 37285010116 - Client: Oliveira gad YOKA MOSSA (Demande #1)', 'chequier_created', NULL, '2026-03-05 15:55:11', 0),
	(151, 19, 'Demande de chéquier effectuée pour le compte 37152323001 - Client: test testP (Demande #3)', 'chequier_created', NULL, '2026-03-05 15:55:48', 0),
	(152, 19, 'Demande de chéquier effectuée pour le compte 37610001487 - Client: AGL (Demande #2)', 'chequier_created', NULL, '2026-03-05 15:55:48', 0),
	(153, 19, 'Demande de chéquier effectuée pour le compte 37285010116 - Client: Oliveira gad YOKA MOSSA (Demande #1)', 'chequier_created', NULL, '2026-03-05 15:55:48', 0),
	(154, 19, 'Demande de chéquier effectuée pour le compte 37152323001 - Client: test testP (Demande #3)', 'chequier_created', NULL, '2026-03-05 16:17:48', 0),
	(155, 19, 'Demande de chéquier effectuée pour le compte 37610001487 - Client: AGL (Demande #2)', 'chequier_created', NULL, '2026-03-05 16:17:48', 0),
	(156, 19, 'Demande de chéquier effectuée pour le compte 37285010116 - Client: Oliveira gad YOKA MOSSA (Demande #1)', 'chequier_created', NULL, '2026-03-05 16:17:48', 0),
	(157, 19, 'Demande de chéquier effectuée pour le compte 37152323001 - Client: test testP (Demande #3)', 'chequier_created', NULL, '2026-03-05 16:18:22', 0),
	(158, 19, 'Demande de chéquier effectuée pour le compte 37610001487 - Client: AGL (Demande #2)', 'chequier_created', NULL, '2026-03-05 16:18:22', 0),
	(159, 19, 'Demande de chéquier effectuée pour le compte 37285010116 - Client: Oliveira gad YOKA MOSSA (Demande #1)', 'chequier_created', NULL, '2026-03-05 16:18:22', 0),
	(160, 19, 'Demande de chéquier effectuée pour le compte 37152323001 - Client: test testP (Demande #3)', 'chequier_created', NULL, '2026-03-05 16:22:23', 0),
	(161, 19, 'Demande de chéquier effectuée pour le compte 37610001487 - Client: AGL (Demande #2)', 'chequier_created', NULL, '2026-03-05 16:22:23', 0),
	(162, 19, 'Demande de chéquier effectuée pour le compte 37285010116 - Client: Oliveira gad YOKA MOSSA (Demande #1)', 'chequier_created', NULL, '2026-03-05 16:22:23', 0),
	(163, 19, 'Demande de chéquier effectuée pour le compte 37152323001 - Client: test testP (Demande #3)', 'chequier_created', NULL, '2026-03-05 16:22:49', 0),
	(164, 19, 'Demande de chéquier effectuée pour le compte 37610001487 - Client: AGL (Demande #2)', 'chequier_created', NULL, '2026-03-05 16:22:49', 0),
	(165, 19, 'Demande de chéquier effectuée pour le compte 37285010116 - Client: Oliveira gad YOKA MOSSA (Demande #1)', 'chequier_created', NULL, '2026-03-05 16:22:49', 0),
	(166, 19, 'Demande de chéquier effectuée pour le compte 37152323001 - Client: test testP (Demande #3)', 'chequier_created', NULL, '2026-03-05 16:35:11', 0),
	(167, 19, 'Demande de chéquier effectuée pour le compte 37610001487 - Client: AGL (Demande #2)', 'chequier_created', NULL, '2026-03-05 16:35:11', 0),
	(168, 19, 'Demande de chéquier effectuée pour le compte 37285010116 - Client: Oliveira gad YOKA MOSSA (Demande #1)', 'chequier_created', NULL, '2026-03-05 16:35:11', 0),
	(169, 19, 'Demande de chéquier effectuée pour le compte 37152323001 - Client: test testP (Demande #3)', 'chequier_created', NULL, '2026-03-05 16:49:19', 0),
	(170, 19, 'Demande de chéquier effectuée pour le compte 37610001487 - Client: AGL (Demande #2)', 'chequier_created', NULL, '2026-03-05 16:49:19', 0),
	(171, 19, 'Demande de chéquier effectuée pour le compte 37285010116 - Client: Oliveira gad YOKA MOSSA (Demande #1)', 'chequier_created', NULL, '2026-03-05 16:49:19', 0),
	(172, 19, 'Demande de chéquier effectuée pour le compte 37152323001 - Client: test testP (Demande #3)', 'chequier_created', NULL, '2026-03-05 16:50:02', 0),
	(173, 19, 'Demande de chéquier effectuée pour le compte 37610001487 - Client: AGL (Demande #2)', 'chequier_created', NULL, '2026-03-05 16:50:02', 0),
	(174, 19, 'Demande de chéquier effectuée pour le compte 37285010116 - Client: Oliveira gad YOKA MOSSA (Demande #1)', 'chequier_created', NULL, '2026-03-05 16:50:02', 0),
	(175, 19, 'Demande de chéquier effectuée pour le compte 37152323001 - Client: test testP (Demande #3)', 'chequier_created', NULL, '2026-03-05 16:50:25', 0),
	(176, 19, 'Demande de chéquier effectuée pour le compte 37610001487 - Client: AGL (Demande #2)', 'chequier_created', NULL, '2026-03-05 16:50:25', 0),
	(177, 19, 'Demande de chéquier effectuée pour le compte 37285010116 - Client: Oliveira gad YOKA MOSSA (Demande #1)', 'chequier_created', NULL, '2026-03-05 16:50:25', 0),
	(178, 19, 'Demande de chéquier effectuée pour le compte 37152323001 - Client: test testP (Demande #3)', 'chequier_created', NULL, '2026-03-05 16:56:56', 0),
	(179, 19, 'Demande de chéquier effectuée pour le compte 37610001487 - Client: AGL (Demande #2)', 'chequier_created', NULL, '2026-03-05 16:56:56', 0),
	(180, 19, 'Demande de chéquier effectuée pour le compte 37285010116 - Client: Oliveira gad YOKA MOSSA (Demande #1)', 'chequier_created', NULL, '2026-03-05 16:56:56', 0),
	(181, 19, 'Demande de chéquier effectuée pour le compte 37152323001 - Client: test testP (Demande #3)', 'chequier_created', NULL, '2026-03-05 17:02:47', 0),
	(182, 19, 'Demande de chéquier effectuée pour le compte 37610001487 - Client: AGL (Demande #2)', 'chequier_created', NULL, '2026-03-05 17:02:47', 0),
	(183, 19, 'Demande de chéquier effectuée pour le compte 37285010116 - Client: Oliveira gad YOKA MOSSA (Demande #1)', 'chequier_created', NULL, '2026-03-05 17:02:47', 0),
	(184, 19, 'Demande de chéquier effectuée pour le compte 37152323001 - Client: test testP (Demande #3)', 'chequier_created', NULL, '2026-03-05 17:03:01', 0),
	(185, 19, 'Demande de chéquier effectuée pour le compte 37610001487 - Client: AGL (Demande #2)', 'chequier_created', NULL, '2026-03-05 17:03:01', 0),
	(186, 19, 'Demande de chéquier effectuée pour le compte 37285010116 - Client: Oliveira gad YOKA MOSSA (Demande #1)', 'chequier_created', NULL, '2026-03-05 17:03:01', 0),
	(187, 19, 'Demande de chéquier effectuée pour le compte 37152323001 - Client: test testP (Demande #3)', 'chequier_created', NULL, '2026-03-05 17:03:59', 0),
	(188, 19, 'Demande de chéquier effectuée pour le compte 37610001487 - Client: AGL (Demande #2)', 'chequier_created', NULL, '2026-03-05 17:03:59', 0),
	(189, 19, 'Demande de chéquier effectuée pour le compte 37285010116 - Client: Oliveira gad YOKA MOSSA (Demande #1)', 'chequier_created', NULL, '2026-03-05 17:03:59', 0),
	(190, 19, 'Demande de chéquier effectuée pour le compte 37152323001 - Client: test testP (Demande #3)', 'chequier_created', NULL, '2026-03-05 17:12:53', 0),
	(191, 19, 'Demande de chéquier effectuée pour le compte 37610001487 - Client: AGL (Demande #2)', 'chequier_created', NULL, '2026-03-05 17:12:53', 0),
	(192, 19, 'Demande de chéquier effectuée pour le compte 37285010116 - Client: Oliveira gad YOKA MOSSA (Demande #1)', 'chequier_created', NULL, '2026-03-05 17:12:53', 0),
	(193, 19, 'Demande de chéquier effectuée pour le compte 37152323001 - Client: test testP (Demande #3)', 'chequier_created', NULL, '2026-03-05 17:13:34', 0),
	(194, 19, 'Demande de chéquier effectuée pour le compte 37610001487 - Client: AGL (Demande #2)', 'chequier_created', NULL, '2026-03-05 17:13:34', 0),
	(195, 19, 'Demande de chéquier effectuée pour le compte 37285010116 - Client: Oliveira gad YOKA MOSSA (Demande #1)', 'chequier_created', NULL, '2026-03-05 17:13:34', 0),
	(196, 19, 'Demande de chéquier effectuée pour le compte 37152323001 - Client: test testP (Demande #3)', 'chequier_created', NULL, '2026-03-05 17:15:35', 0),
	(197, 19, 'Demande de chéquier effectuée pour le compte 37610001487 - Client: AGL (Demande #2)', 'chequier_created', NULL, '2026-03-05 17:15:35', 0),
	(198, 19, 'Demande de chéquier effectuée pour le compte 37285010116 - Client: Oliveira gad YOKA MOSSA (Demande #1)', 'chequier_created', NULL, '2026-03-05 17:15:35', 0),
	(199, 19, 'Demande de chéquier effectuée pour le compte 37152323001 - Client: test testP (Demande #3)', 'chequier_created', NULL, '2026-03-05 17:22:09', 0),
	(200, 19, 'Demande de chéquier effectuée pour le compte 37610001487 - Client: AGL (Demande #2)', 'chequier_created', NULL, '2026-03-05 17:22:09', 0),
	(201, 19, 'Demande de chéquier effectuée pour le compte 37285010116 - Client: Oliveira gad YOKA MOSSA (Demande #1)', 'chequier_created', NULL, '2026-03-05 17:22:09', 0),
	(202, 19, 'Demande de chéquier effectuée pour le compte 37152323001 - Client: test testP (Demande #3)', 'chequier_created', NULL, '2026-03-06 13:43:18', 0),
	(203, 19, 'Demande de chéquier effectuée pour le compte 37610001487 - Client: AGL (Demande #2)', 'chequier_created', NULL, '2026-03-06 13:43:18', 0),
	(204, 19, 'Demande de chéquier effectuée pour le compte 37285010116 - Client: Oliveira gad YOKA MOSSA (Demande #1)', 'chequier_created', NULL, '2026-03-06 13:43:18', 0),
	(205, 19, 'Demande de chéquier effectuée pour le compte 37152323001 - Client: test testP (Demande #3)', 'chequier_created', NULL, '2026-03-06 14:30:04', 0),
	(206, 19, 'Demande de chéquier effectuée pour le compte 37610001487 - Client: AGL (Demande #2)', 'chequier_created', NULL, '2026-03-06 14:30:04', 0),
	(207, 19, 'Demande de chéquier effectuée pour le compte 37285010116 - Client: Oliveira gad YOKA MOSSA (Demande #1)', 'chequier_created', NULL, '2026-03-06 14:30:04', 0),
	(208, 19, 'Demande de chéquier effectuée pour le compte 37152323001 - Client: test testP (Demande #3)', 'chequier_created', NULL, '2026-03-06 14:30:11', 0),
	(209, 19, 'Demande de chéquier effectuée pour le compte 37610001487 - Client: AGL (Demande #2)', 'chequier_created', NULL, '2026-03-06 14:30:11', 0),
	(210, 19, 'Demande de chéquier effectuée pour le compte 37285010116 - Client: Oliveira gad YOKA MOSSA (Demande #1)', 'chequier_created', NULL, '2026-03-06 14:30:11', 0),
	(211, 11, 'Demande de chéquier effectuée - Client: test testP  - Type: 50', 'chequier_request', 4, '2026-03-09 17:09:19', 0),
	(212, 19, 'Demande de chéquier effectuée pour le compte 37285009468 - Client: test testP (Demande #4)', 'chequier_created', NULL, '2026-03-10 10:41:25', 0),
	(213, 19, 'Demande de chéquier effectuée pour le compte 37152323001 - Client: test testP (Demande #3)', 'chequier_created', NULL, '2026-03-10 10:41:25', 0),
	(214, 19, 'Demande de chéquier effectuée pour le compte 37610001487 - Client: AGL (Demande #2)', 'chequier_created', NULL, '2026-03-10 10:41:25', 0),
	(215, 19, 'Demande de chéquier effectuée pour le compte 37285010116 - Client: Oliveira gad YOKA MOSSA (Demande #1)', 'chequier_created', NULL, '2026-03-10 10:41:25', 0),
	(216, 19, 'Demande de chéquier effectuée pour le compte 37285009468 - Client: test testP (Demande #4)', 'chequier_created', NULL, '2026-03-10 10:43:24', 0),
	(217, 19, 'Demande de chéquier effectuée pour le compte 37152323001 - Client: test testP (Demande #3)', 'chequier_created', NULL, '2026-03-10 10:43:24', 0),
	(218, 19, 'Demande de chéquier effectuée pour le compte 37610001487 - Client: AGL (Demande #2)', 'chequier_created', NULL, '2026-03-10 10:43:24', 0),
	(219, 19, 'Demande de chéquier effectuée pour le compte 37285010116 - Client: Oliveira gad YOKA MOSSA (Demande #1)', 'chequier_created', NULL, '2026-03-10 10:43:24', 0),
	(220, 19, 'Demande de chéquier effectuée pour le compte 37285009468 - Client: test testP (Demande #4)', 'chequier_created', NULL, '2026-03-10 10:44:05', 0),
	(221, 19, 'Demande de chéquier effectuée pour le compte 37285009468 - Client: test testP (Demande #4)', 'chequier_created', NULL, '2026-03-10 10:44:13', 0),
	(222, 19, 'Demande de chéquier effectuée pour le compte 37152323001 - Client: test testP (Demande #3)', 'chequier_created', NULL, '2026-03-10 10:44:13', 0),
	(223, 19, 'Demande de chéquier effectuée pour le compte 37610001487 - Client: AGL (Demande #2)', 'chequier_created', NULL, '2026-03-10 10:44:13', 0),
	(224, 19, 'Demande de chéquier effectuée pour le compte 37285010116 - Client: Oliveira gad YOKA MOSSA (Demande #1)', 'chequier_created', NULL, '2026-03-10 10:44:13', 0),
	(225, 19, 'Demande de chéquier effectuée pour le compte 37285009468 - Client: test testP (Demande #4)', 'chequier_created', NULL, '2026-03-10 10:55:09', 0),
	(226, 19, 'Demande de chéquier effectuée pour le compte 37152323001 - Client: test testP (Demande #3)', 'chequier_created', NULL, '2026-03-10 10:55:09', 0),
	(227, 19, 'Demande de chéquier effectuée pour le compte 37610001487 - Client: AGL (Demande #2)', 'chequier_created', NULL, '2026-03-10 10:55:10', 0),
	(228, 19, 'Demande de chéquier effectuée pour le compte 37285010116 - Client: Oliveira gad YOKA MOSSA (Demande #1)', 'chequier_created', NULL, '2026-03-10 10:55:10', 0),
	(229, 19, 'Demande de chéquier effectuée pour le compte 37285009468 - Client: test testP (Demande #4)', 'chequier_created', NULL, '2026-03-10 11:10:14', 0),
	(230, 19, 'Demande de chéquier effectuée pour le compte 37152323001 - Client: test testP (Demande #3)', 'chequier_created', NULL, '2026-03-10 11:10:14', 0),
	(231, 19, 'Demande de chéquier effectuée pour le compte 37610001487 - Client: AGL (Demande #2)', 'chequier_created', NULL, '2026-03-10 11:10:14', 0),
	(232, 19, 'Demande de chéquier effectuée pour le compte 37285010116 - Client: Oliveira gad YOKA MOSSA (Demande #1)', 'chequier_created', NULL, '2026-03-10 11:10:14', 0),
	(233, 19, 'Demande de chéquier effectuée pour le compte 37285009468 - Client: test testP (Demande #4)', 'chequier_created', NULL, '2026-03-10 11:17:25', 0),
	(234, 19, 'Demande de chéquier effectuée pour le compte 37152323001 - Client: test testP (Demande #3)', 'chequier_created', NULL, '2026-03-10 11:17:25', 0),
	(235, 19, 'Demande de chéquier effectuée pour le compte 37610001487 - Client: AGL (Demande #2)', 'chequier_created', NULL, '2026-03-10 11:17:25', 0),
	(236, 19, 'Demande de chéquier effectuée pour le compte 37285010116 - Client: Oliveira gad YOKA MOSSA (Demande #1)', 'chequier_created', NULL, '2026-03-10 11:17:25', 0),
	(237, 19, 'Demande de chéquier effectuée pour le compte 37285009468 - Client: test testP (Demande #4)', 'chequier_created', NULL, '2026-03-10 11:17:35', 0),
	(238, 19, 'Demande de chéquier effectuée pour le compte 37285009468 - Client: test testP (Demande #4)', 'chequier_created', NULL, '2026-03-10 11:17:42', 0),
	(239, 19, 'Demande de chéquier effectuée pour le compte 37152323001 - Client: test testP (Demande #3)', 'chequier_created', NULL, '2026-03-10 11:17:42', 0),
	(240, 19, 'Demande de chéquier effectuée pour le compte 37610001487 - Client: AGL (Demande #2)', 'chequier_created', NULL, '2026-03-10 11:17:42', 0),
	(241, 19, 'Demande de chéquier effectuée pour le compte 37285010116 - Client: Oliveira gad YOKA MOSSA (Demande #1)', 'chequier_created', NULL, '2026-03-10 11:17:42', 0),
	(242, 19, 'Demande de chéquier effectuée pour le compte 37285010116 - Client: Oliveira gad YOKA MOSSA (Demande #1)', 'chequier_created', NULL, '2026-03-10 11:18:13', 0),
	(243, 19, 'Demande de chéquier effectuée pour le compte 37285009468 - Client: test testP (Demande #4)', 'chequier_created', NULL, '2026-03-10 11:19:11', 0),
	(244, 19, 'Demande de chéquier effectuée pour le compte 37152323001 - Client: test testP (Demande #3)', 'chequier_created', NULL, '2026-03-10 11:19:11', 0),
	(245, 19, 'Demande de chéquier effectuée pour le compte 37610001487 - Client: AGL (Demande #2)', 'chequier_created', NULL, '2026-03-10 11:19:11', 0),
	(246, 19, 'Demande de chéquier effectuée pour le compte 37285010116 - Client: Oliveira gad YOKA MOSSA (Demande #1)', 'chequier_created', NULL, '2026-03-10 11:19:11', 0),
	(247, 19, 'Demande de chéquier effectuée pour le compte 37285009468 - Client: test testP (Demande #4)', 'chequier_created', NULL, '2026-03-10 11:25:24', 0),
	(248, 19, 'Demande de chéquier effectuée pour le compte 37152323001 - Client: test testP (Demande #3)', 'chequier_created', NULL, '2026-03-10 11:25:24', 0),
	(249, 19, 'Demande de chéquier effectuée pour le compte 37610001487 - Client: AGL (Demande #2)', 'chequier_created', NULL, '2026-03-10 11:25:24', 0),
	(250, 19, 'Demande de chéquier effectuée pour le compte 37285010116 - Client: Oliveira gad YOKA MOSSA (Demande #1)', 'chequier_created', NULL, '2026-03-10 11:25:24', 0),
	(251, 19, 'Demande de chéquier effectuée pour le compte 37285009468 - Client: test testP (Demande #4)', 'chequier_created', NULL, '2026-03-10 13:59:13', 0),
	(252, 19, 'Demande de chéquier effectuée pour le compte 37152323001 - Client: test testP (Demande #3)', 'chequier_created', NULL, '2026-03-10 13:59:13', 0),
	(253, 19, 'Demande de chéquier effectuée pour le compte 37610001487 - Client: AGL (Demande #2)', 'chequier_created', NULL, '2026-03-10 13:59:13', 0),
	(254, 19, 'Demande de chéquier effectuée pour le compte 37285010116 - Client: Oliveira gad YOKA MOSSA (Demande #1)', 'chequier_created', NULL, '2026-03-10 13:59:13', 0),
	(255, 19, 'Demande de chéquier effectuée pour le compte 37285009468 - Client: test testP (Demande #4)', 'chequier_created', NULL, '2026-03-10 14:00:58', 0),
	(256, 19, 'Demande de chéquier effectuée pour le compte 37285009468 - Client: test testP (Demande #4)', 'chequier_created', NULL, '2026-03-10 14:01:14', 0),
	(257, 19, 'Demande de chéquier effectuée pour le compte 37152323001 - Client: test testP (Demande #3)', 'chequier_created', NULL, '2026-03-10 14:01:14', 0),
	(258, 19, 'Demande de chéquier effectuée pour le compte 37610001487 - Client: AGL (Demande #2)', 'chequier_created', NULL, '2026-03-10 14:01:14', 0),
	(259, 19, 'Demande de chéquier effectuée pour le compte 37285010116 - Client: Oliveira gad YOKA MOSSA (Demande #1)', 'chequier_created', NULL, '2026-03-10 14:01:14', 0),
	(260, 19, 'Demande de chéquier effectuée pour le compte 37285009468 - Client: test testP (Demande #4)', 'chequier_created', NULL, '2026-03-18 10:55:23', 0),
	(261, 19, 'Demande de chéquier effectuée pour le compte 37152323001 - Client: test testP (Demande #3)', 'chequier_created', NULL, '2026-03-18 10:55:23', 0),
	(262, 19, 'Demande de chéquier effectuée pour le compte 37610001487 - Client: AGL (Demande #2)', 'chequier_created', NULL, '2026-03-18 10:55:23', 0),
	(263, 19, 'Demande de chéquier effectuée pour le compte 37285010116 - Client: Oliveira gad YOKA MOSSA (Demande #1)', 'chequier_created', NULL, '2026-03-18 10:55:23', 0),
	(264, 19, 'Demande de chéquier effectuée pour le compte 37285009468 - Client: test testP (Demande #4)', 'chequier_created', NULL, '2026-03-20 14:08:06', 0),
	(265, 19, 'Demande de chéquier effectuée pour le compte 37152323001 - Client: test testP (Demande #3)', 'chequier_created', NULL, '2026-03-20 14:08:06', 0),
	(266, 19, 'Demande de chéquier effectuée pour le compte 37610001487 - Client: AGL (Demande #2)', 'chequier_created', NULL, '2026-03-20 14:08:06', 0),
	(267, 19, 'Demande de chéquier effectuée pour le compte 37285010116 - Client: Oliveira gad YOKA MOSSA (Demande #1)', 'chequier_created', NULL, '2026-03-20 14:08:06', 0),
	(268, 11, 'Demande de chéquier effectuée - Client: test testP  - Type: 25', 'chequier_request', 5, '2026-03-20 15:13:19', 0),
	(269, 19, 'Demande de chéquier effectuée pour le compte 123456789 - Client: test testP (Demande #5)', 'chequier_created', NULL, '2026-03-20 14:13:50', 0),
	(270, 19, 'Demande de chéquier effectuée pour le compte 37285009468 - Client: test testP (Demande #4)', 'chequier_created', NULL, '2026-03-20 14:13:50', 0),
	(271, 19, 'Demande de chéquier effectuée pour le compte 37152323001 - Client: test testP (Demande #3)', 'chequier_created', NULL, '2026-03-20 14:13:50', 0),
	(272, 19, 'Demande de chéquier effectuée pour le compte 37610001487 - Client: AGL (Demande #2)', 'chequier_created', NULL, '2026-03-20 14:13:50', 0),
	(273, 19, 'Demande de chéquier effectuée pour le compte 37285010116 - Client: Oliveira gad YOKA MOSSA (Demande #1)', 'chequier_created', NULL, '2026-03-20 14:13:50', 0),
	(274, 19, 'Demande de chéquier effectuée pour le compte 123456789 - Client: test testP (Demande #5)', 'chequier_created', NULL, '2026-03-20 14:15:06', 0),
	(275, 19, 'Demande de chéquier effectuée pour le compte 37285009468 - Client: test testP (Demande #4)', 'chequier_created', NULL, '2026-03-20 14:15:06', 0),
	(276, 19, 'Demande de chéquier effectuée pour le compte 37152323001 - Client: test testP (Demande #3)', 'chequier_created', NULL, '2026-03-20 14:15:06', 0),
	(277, 19, 'Demande de chéquier effectuée pour le compte 37610001487 - Client: AGL (Demande #2)', 'chequier_created', NULL, '2026-03-20 14:15:06', 0),
	(278, 19, 'Demande de chéquier effectuée pour le compte 37285010116 - Client: Oliveira gad YOKA MOSSA (Demande #1)', 'chequier_created', NULL, '2026-03-20 14:15:06', 0),
	(279, 2, 'Demande de chéquier effectuée pour le compte 123456789 - Client:  (Demande #5)', 'chequier_created', 5, '2026-03-20 14:33:18', 0),
	(280, 19, 'Demande de chéquier effectuée pour le compte 123456789 - Client: test testP (Demande #5)', 'chequier_created', NULL, '2026-03-23 16:36:21', 0),
	(281, 19, 'Demande de chéquier effectuée pour le compte 37285009468 - Client: test testP (Demande #4)', 'chequier_created', NULL, '2026-03-23 16:36:21', 0),
	(282, 19, 'Demande de chéquier effectuée pour le compte 37152323001 - Client: test testP (Demande #3)', 'chequier_created', NULL, '2026-03-23 16:36:21', 0),
	(283, 19, 'Demande de chéquier effectuée pour le compte 37610001487 - Client: AGL (Demande #2)', 'chequier_created', NULL, '2026-03-23 16:36:21', 0),
	(284, 19, 'Demande de chéquier effectuée pour le compte 37285010116 - Client: Oliveira gad YOKA MOSSA (Demande #1)', 'chequier_created', NULL, '2026-03-23 16:36:21', 0),
	(285, 19, 'Demande de chéquier effectuée pour le compte 123456789 - Client: test testP (Demande #5)', 'chequier_created', NULL, '2026-03-23 16:44:51', 0),
	(286, 19, 'Demande de chéquier effectuée pour le compte 37285009468 - Client: test testP (Demande #4)', 'chequier_created', NULL, '2026-03-23 16:44:51', 0),
	(287, 19, 'Demande de chéquier effectuée pour le compte 37152323001 - Client: test testP (Demande #3)', 'chequier_created', NULL, '2026-03-23 16:44:51', 0),
	(288, 19, 'Demande de chéquier effectuée pour le compte 37610001487 - Client: AGL (Demande #2)', 'chequier_created', NULL, '2026-03-23 16:44:51', 0),
	(289, 19, 'Demande de chéquier effectuée pour le compte 37285010116 - Client: Oliveira gad YOKA MOSSA (Demande #1)', 'chequier_created', NULL, '2026-03-23 16:44:51', 0),
	(290, 19, 'Demande de chéquier effectuée pour le compte 123456789 - Client: test testP (Demande #5)', 'chequier_created', NULL, '2026-03-23 16:48:10', 0),
	(291, 19, 'Demande de chéquier effectuée pour le compte 37285009468 - Client: test testP (Demande #4)', 'chequier_created', NULL, '2026-03-23 16:48:10', 0),
	(292, 19, 'Demande de chéquier effectuée pour le compte 37152323001 - Client: test testP (Demande #3)', 'chequier_created', NULL, '2026-03-23 16:48:10', 0),
	(293, 19, 'Demande de chéquier effectuée pour le compte 37610001487 - Client: AGL (Demande #2)', 'chequier_created', NULL, '2026-03-23 16:48:10', 0),
	(294, 19, 'Demande de chéquier effectuée pour le compte 37285010116 - Client: Oliveira gad YOKA MOSSA (Demande #1)', 'chequier_created', NULL, '2026-03-23 16:48:10', 0),
	(295, 19, 'Demande de chéquier effectuée pour le compte 123456789 - Client: test testP (Demande #5)', 'chequier_created', NULL, '2026-03-23 16:48:58', 0),
	(296, 19, 'Demande de chéquier effectuée pour le compte 37285009468 - Client: test testP (Demande #4)', 'chequier_created', NULL, '2026-03-23 16:48:58', 0),
	(297, 19, 'Demande de chéquier effectuée pour le compte 37152323001 - Client: test testP (Demande #3)', 'chequier_created', NULL, '2026-03-23 16:48:58', 0),
	(298, 19, 'Demande de chéquier effectuée pour le compte 37610001487 - Client: AGL (Demande #2)', 'chequier_created', NULL, '2026-03-23 16:48:58', 0),
	(299, 19, 'Demande de chéquier effectuée pour le compte 37285010116 - Client: Oliveira gad YOKA MOSSA (Demande #1)', 'chequier_created', NULL, '2026-03-23 16:48:58', 0),
	(300, 19, 'Demande de chéquier effectuée pour le compte 123456789 - Client: test testP (Demande #5)', 'chequier_created', NULL, '2026-03-23 18:18:04', 0),
	(301, 19, 'Demande de chéquier effectuée pour le compte 37285009468 - Client: test testP (Demande #4)', 'chequier_created', NULL, '2026-03-23 18:18:04', 0),
	(302, 19, 'Demande de chéquier effectuée pour le compte 37152323001 - Client: test testP (Demande #3)', 'chequier_created', NULL, '2026-03-23 18:18:04', 0),
	(303, 19, 'Demande de chéquier effectuée pour le compte 37610001487 - Client: AGL (Demande #2)', 'chequier_created', NULL, '2026-03-23 18:18:04', 0),
	(304, 19, 'Demande de chéquier effectuée pour le compte 37285010116 - Client: Oliveira gad YOKA MOSSA (Demande #1)', 'chequier_created', NULL, '2026-03-23 18:18:04', 0);

-- Dumping structure for table accountopening_db.tbl_logins
CREATE TABLE IF NOT EXISTS `tbl_logins` (
  `id` int NOT NULL AUTO_INCREMENT,
  `emp_id` int NOT NULL,
  `login_time` timestamp NOT NULL DEFAULT CURRENT_TIMESTAMP,
  `logout_time` timestamp NULL DEFAULT NULL,
  PRIMARY KEY (`id`),
  KEY `emp_id` (`emp_id`),
  CONSTRAINT `tbl_logins_ibfk_1` FOREIGN KEY (`emp_id`) REFERENCES `tblemployees` (`emp_id`)
) ENGINE=InnoDB AUTO_INCREMENT=453 DEFAULT CHARSET=utf8mb4 COLLATE=utf8mb4_0900_ai_ci;

-- Dumping data for table accountopening_db.tbl_logins: ~289 rows (approximately)
INSERT INTO `tbl_logins` (`id`, `emp_id`, `login_time`, `logout_time`) VALUES
	(1, 11, '2025-08-06 15:58:44', '2025-08-06 15:59:26'),
	(2, 11, '2025-08-07 06:40:33', '2025-08-07 06:40:47'),
	(4, 11, '2025-08-07 16:39:44', '2025-08-07 16:40:35'),
	(5, 11, '2025-08-07 16:40:39', '2025-08-07 16:40:59'),
	(6, 11, '2025-08-07 16:44:41', '2025-08-07 16:47:44'),
	(17, 11, '2025-08-11 15:26:03', '2025-08-11 15:26:39'),
	(18, 11, '2025-08-11 15:26:15', '2025-08-11 15:26:39'),
	(19, 11, '2025-08-11 15:35:58', '2025-08-11 15:46:37'),
	(20, 11, '2025-08-11 15:36:31', '2025-08-11 15:46:37'),
	(21, 11, '2025-08-11 15:41:24', '2025-08-11 15:46:37'),
	(22, 10, '2025-08-11 15:41:55', '2025-08-11 15:44:53'),
	(23, 10, '2025-08-11 15:42:25', '2025-08-11 15:44:53'),
	(24, 11, '2025-08-11 15:45:00', '2025-08-11 15:46:37'),
	(25, 11, '2025-08-11 15:46:27', '2025-08-11 15:46:37'),
	(26, 11, '2025-08-11 16:00:48', '2025-08-11 16:13:02'),
	(27, 10, '2025-08-11 16:13:15', '2025-08-11 16:13:22'),
	(28, 9, '2025-08-11 16:15:07', '2025-08-11 16:49:17'),
	(29, 9, '2025-08-11 16:16:57', '2025-08-11 16:49:17'),
	(31, 11, '2025-08-11 18:36:50', '2025-08-11 18:38:06'),
	(32, 11, '2025-08-12 08:16:44', '2025-08-12 10:03:34'),
	(33, 10, '2025-08-12 10:04:34', '2025-08-12 10:34:34'),
	(34, 11, '2025-08-12 10:34:42', '2025-08-12 10:35:25'),
	(36, 9, '2025-08-12 10:47:24', '2025-08-12 13:47:42'),
	(38, 19, '2025-08-12 14:18:55', '2025-08-12 14:45:14'),
	(39, 19, '2025-08-12 14:19:34', '2025-08-12 14:45:14'),
	(40, 9, '2025-08-12 14:45:20', '2025-08-12 15:33:40'),
	(41, 11, '2025-08-12 15:36:50', '2025-08-12 15:38:31'),
	(42, 9, '2025-08-12 15:38:41', '2025-08-12 15:39:05'),
	(45, 10, '2025-08-12 15:52:49', '2025-08-12 16:01:47'),
	(47, 11, '2025-08-12 16:27:33', '2025-08-12 16:33:41'),
	(48, 9, '2025-08-12 16:33:52', '2025-08-12 16:53:11'),
	(49, 11, '2025-08-13 08:29:41', '2025-08-13 11:56:38'),
	(50, 9, '2025-08-13 11:56:43', '2025-08-13 14:59:29'),
	(51, 11, '2025-08-13 14:59:33', '2025-08-13 16:55:42'),
	(53, 9, '2025-08-13 16:56:43', '2025-08-13 16:57:30'),
	(54, 11, '2025-08-13 16:58:22', '2025-08-13 16:58:28'),
	(55, 9, '2025-08-13 16:58:43', '2025-08-13 16:58:52'),
	(56, 2, '2025-08-13 17:10:33', '2025-08-20 10:18:56'),
	(57, 2, '2025-08-13 17:10:48', '2025-08-20 10:18:56'),
	(58, 9, '2025-08-14 14:20:39', '2025-08-18 10:31:12'),
	(59, 9, '2025-08-14 15:10:23', '2025-08-18 10:31:12'),
	(60, 9, '2025-08-14 15:11:16', '2025-08-18 10:31:12'),
	(61, 9, '2025-08-14 15:11:28', '2025-08-18 10:31:12'),
	(62, 9, '2025-08-14 15:11:48', '2025-08-18 10:31:12'),
	(63, 9, '2025-08-14 15:12:26', '2025-08-18 10:31:12'),
	(64, 9, '2025-08-14 15:12:56', '2025-08-18 10:31:12'),
	(65, 9, '2025-08-14 15:13:23', '2025-08-18 10:31:12'),
	(66, 9, '2025-08-14 15:13:49', '2025-08-18 10:31:12'),
	(67, 19, '2025-08-14 15:13:57', '2025-08-14 15:56:49'),
	(68, 19, '2025-08-14 15:14:03', '2025-08-14 15:56:49'),
	(69, 19, '2025-08-14 15:14:26', '2025-08-14 15:56:49'),
	(70, 19, '2025-08-14 15:14:45', '2025-08-14 15:56:49'),
	(71, 19, '2025-08-14 15:14:49', '2025-08-14 15:56:49'),
	(72, 19, '2025-08-14 15:15:01', '2025-08-14 15:56:49'),
	(73, 19, '2025-08-14 15:15:18', '2025-08-14 15:56:49'),
	(74, 19, '2025-08-14 15:15:39', '2025-08-14 15:56:49'),
	(75, 19, '2025-08-14 15:16:11', '2025-08-14 15:56:49'),
	(76, 19, '2025-08-14 15:16:51', '2025-08-14 15:56:49'),
	(77, 19, '2025-08-14 15:17:36', '2025-08-14 15:56:49'),
	(78, 19, '2025-08-14 15:18:23', '2025-08-14 15:56:49'),
	(79, 19, '2025-08-14 15:19:40', '2025-08-14 15:56:49'),
	(80, 19, '2025-08-14 15:21:13', '2025-08-14 15:56:49'),
	(81, 19, '2025-08-14 15:21:28', '2025-08-14 15:56:49'),
	(82, 19, '2025-08-14 15:25:36', '2025-08-14 15:56:49'),
	(83, 11, '2025-08-14 18:07:53', '2025-08-14 18:08:23'),
	(84, 11, '2025-08-16 12:20:37', '2025-08-16 12:21:42'),
	(85, 11, '2025-08-16 13:00:31', '2025-08-16 13:03:43'),
	(86, 11, '2025-08-16 13:03:47', '2025-08-16 14:21:10'),
	(87, 11, '2025-08-18 07:16:50', '2025-08-18 10:29:30'),
	(88, 9, '2025-08-18 10:29:37', '2025-08-18 10:31:12'),
	(89, 11, '2025-08-18 10:31:19', '2025-08-18 10:31:52'),
	(90, 11, '2025-08-18 10:33:18', '2025-08-18 10:40:13'),
	(92, 11, '2025-08-18 10:40:40', '2025-08-18 10:41:15'),
	(93, 11, '2025-08-18 13:21:48', '2025-08-18 13:24:07'),
	(94, 9, '2025-08-18 13:24:14', '2025-08-18 14:02:40'),
	(95, 11, '2025-08-18 14:14:35', '2025-08-18 14:23:23'),
	(96, 9, '2025-08-18 14:23:28', '2025-08-18 15:29:21'),
	(97, 11, '2025-08-18 15:29:26', '2025-08-18 15:41:51'),
	(98, 9, '2025-08-18 15:41:56', '2025-08-19 07:09:47'),
	(99, 11, '2025-08-19 07:54:46', '2025-08-19 07:56:51'),
	(100, 9, '2025-08-19 07:56:57', '2025-08-19 07:59:56'),
	(101, 11, '2025-08-19 08:00:02', '2025-08-19 08:11:15'),
	(102, 9, '2025-08-19 08:11:24', '2025-08-19 08:12:33'),
	(103, 11, '2025-08-19 08:12:39', '2025-08-19 08:12:47'),
	(104, 9, '2025-08-19 08:12:51', '2025-08-19 08:13:14'),
	(105, 11, '2025-08-19 08:13:18', '2025-08-19 10:04:24'),
	(106, 9, '2025-08-19 10:04:30', '2025-08-19 10:05:14'),
	(107, 11, '2025-08-19 10:05:18', '2025-08-19 10:58:03'),
	(109, 10, '2025-08-19 15:47:29', '2025-08-19 15:54:37'),
	(112, 9, '2025-08-19 16:35:53', '2025-08-19 16:36:12'),
	(114, 11, '2025-08-19 16:46:03', '2025-08-19 16:54:00'),
	(115, 19, '2025-08-19 16:57:39', '2025-08-19 16:58:20'),
	(116, 11, '2025-08-19 16:58:26', '2025-08-19 17:18:57'),
	(117, 9, '2025-08-19 17:19:05', '2025-08-19 17:19:50'),
	(118, 11, '2025-08-19 17:32:17', '2025-08-19 17:33:38'),
	(119, 11, '2025-08-20 08:16:07', '2025-08-20 08:31:32'),
	(120, 9, '2025-08-20 08:33:42', '2025-08-20 08:35:54'),
	(122, 2, '2025-08-20 08:54:07', '2025-08-20 10:18:56'),
	(123, 11, '2025-08-20 10:19:00', '2025-08-20 10:19:49'),
	(124, 11, '2025-08-20 10:20:02', '2025-08-20 10:22:28'),
	(126, 9, '2025-08-20 10:29:37', '2025-08-20 10:29:58'),
	(127, 11, '2025-08-20 10:30:05', '2025-08-20 11:04:05'),
	(128, 11, '2025-08-20 11:14:32', '2025-08-20 11:29:53'),
	(129, 9, '2025-08-20 11:29:59', '2025-08-20 11:30:43'),
	(130, 10, '2025-08-20 11:31:02', '2025-08-20 11:32:00'),
	(131, 9, '2025-08-20 11:32:03', '2025-08-20 11:32:44'),
	(132, 11, '2025-08-20 11:32:49', '2025-08-20 11:32:53'),
	(133, 10, '2025-08-20 11:33:01', '2025-08-20 11:50:55'),
	(134, 11, '2025-08-20 11:52:30', '2025-08-20 11:53:25'),
	(135, 9, '2025-08-20 11:53:38', '2025-08-20 11:54:00'),
	(137, 9, '2025-08-20 11:57:50', '2025-08-20 12:05:32'),
	(138, 9, '2025-08-20 14:42:09', '2025-08-21 09:23:14'),
	(139, 11, '2025-08-21 09:18:37', '2025-08-21 09:20:50'),
	(140, 9, '2025-08-21 09:22:55', '2025-08-21 09:23:14'),
	(141, 11, '2025-08-21 09:23:29', '2025-08-21 09:25:40'),
	(142, 11, '2025-08-21 10:09:51', '2025-08-21 10:12:15'),
	(143, 10, '2025-08-21 10:12:24', '2025-08-21 10:25:27'),
	(144, 11, '2025-08-21 10:33:12', '2025-08-21 10:35:34'),
	(145, 11, '2025-08-22 12:51:16', '2025-08-22 12:51:42'),
	(146, 11, '2025-08-25 16:10:56', '2025-08-25 17:05:54'),
	(148, 11, '2025-08-26 12:30:04', '2025-08-26 12:54:54'),
	(149, 9, '2025-08-26 12:55:10', '2025-08-26 12:56:02'),
	(150, 11, '2025-08-26 12:56:09', '2025-08-26 12:56:29'),
	(152, 11, '2025-08-26 13:02:16', '2025-08-26 13:14:08'),
	(154, 11, '2025-08-26 13:22:21', '2025-08-26 13:31:44'),
	(155, 11, '2025-08-26 13:47:05', '2025-08-26 13:54:48'),
	(156, 11, '2025-08-26 13:54:52', '2025-08-26 13:54:59'),
	(158, 9, '2025-08-26 14:04:23', '2025-08-26 14:58:56'),
	(159, 11, '2025-08-26 14:59:01', '2025-08-26 16:07:23'),
	(160, 11, '2025-08-27 08:35:58', '2025-08-27 08:36:12'),
	(161, 11, '2025-08-27 08:40:37', '2025-08-27 11:49:36'),
	(162, 11, '2025-08-27 16:04:26', '2025-08-27 16:12:06'),
	(163, 11, '2025-08-27 16:59:10', '2025-08-28 08:51:57'),
	(164, 11, '2025-08-27 17:01:29', '2025-08-28 08:51:57'),
	(165, 11, '2025-08-28 08:28:02', '2025-08-28 08:51:57'),
	(166, 11, '2025-08-28 14:24:26', '2025-08-28 17:01:24'),
	(167, 11, '2025-08-28 17:00:12', '2025-08-28 17:01:24'),
	(168, 11, '2025-09-02 16:42:45', '2025-09-02 16:46:23'),
	(169, 11, '2025-09-04 09:56:06', '2025-09-04 10:07:19'),
	(170, 11, '2025-09-04 11:18:30', '2025-09-04 11:22:25'),
	(171, 11, '2025-09-04 13:51:04', '2025-09-04 17:01:03'),
	(172, 11, '2025-09-05 07:15:50', '2025-09-05 07:20:07'),
	(173, 11, '2025-09-08 16:05:07', '2025-09-08 17:03:29'),
	(174, 11, '2025-09-09 07:05:41', '2025-09-09 07:05:55'),
	(175, 11, '2025-09-09 07:19:14', '2025-09-09 08:51:52'),
	(176, 11, '2025-09-09 08:54:41', '2025-09-09 11:13:14'),
	(177, 11, '2025-09-09 11:55:51', '2025-10-07 09:40:57'),
	(178, 11, '2025-09-10 11:42:24', '2025-10-07 09:40:57'),
	(179, 11, '2025-10-07 09:33:58', '2025-10-07 09:40:57'),
	(180, 11, '2025-10-07 09:38:36', '2025-10-07 09:40:57'),
	(181, 11, '2025-10-07 09:41:01', '2025-10-07 10:22:16'),
	(182, 11, '2025-10-15 07:46:15', '2025-10-16 08:49:58'),
	(183, 11, '2025-10-16 08:50:01', '2025-10-16 15:51:38'),
	(184, 11, '2025-10-16 15:51:41', '2025-10-20 10:52:03'),
	(185, 11, '2025-10-20 08:37:50', '2025-10-20 10:52:03'),
	(186, 19, '2025-10-20 10:52:13', '2025-10-20 10:52:47'),
	(188, 11, '2025-12-02 18:13:35', '2025-12-02 18:58:25'),
	(189, 11, '2025-12-03 09:41:42', '2025-12-03 13:52:14'),
	(190, 11, '2025-12-03 13:51:44', '2025-12-03 13:52:14'),
	(191, 11, '2025-12-08 18:15:53', '2025-12-11 15:50:41'),
	(192, 11, '2025-12-10 11:48:27', '2025-12-11 15:50:41'),
	(193, 11, '2025-12-11 15:34:53', '2025-12-11 15:50:41'),
	(194, 11, '2025-12-11 15:42:37', '2025-12-11 15:50:41'),
	(196, 11, '2025-12-11 15:54:41', '2025-12-11 16:01:25'),
	(197, 11, '2025-12-11 16:01:33', '2025-12-11 16:49:25'),
	(198, 11, '2025-12-11 16:05:51', '2025-12-11 16:49:25'),
	(199, 11, '2025-12-11 16:10:28', '2025-12-11 16:49:25'),
	(200, 11, '2025-12-11 16:22:46', '2025-12-11 16:49:25'),
	(201, 11, '2025-12-11 17:42:10', '2025-12-11 17:56:12'),
	(202, 11, '2025-12-11 17:47:45', '2025-12-11 17:56:12'),
	(203, 11, '2025-12-11 17:56:27', '2025-12-11 17:57:36'),
	(204, 11, '2025-12-11 17:59:19', '2025-12-11 18:12:45'),
	(205, 11, '2025-12-11 18:29:03', '2025-12-11 18:30:10'),
	(206, 11, '2025-12-11 18:30:13', '2025-12-11 20:09:52'),
	(207, 11, '2025-12-11 20:10:52', '2025-12-12 07:37:05'),
	(208, 11, '2025-12-12 07:37:10', '2025-12-12 07:46:43'),
	(209, 11, '2025-12-15 09:36:08', '2025-12-18 10:22:54'),
	(210, 11, '2025-12-17 11:09:32', '2025-12-18 10:22:54'),
	(211, 11, '2025-12-17 20:01:13', '2025-12-18 10:22:54'),
	(212, 11, '2025-12-18 09:32:40', '2025-12-18 10:22:54'),
	(213, 11, '2025-12-18 10:22:56', '2025-12-19 11:39:51'),
	(214, 11, '2025-12-18 15:39:50', '2025-12-19 11:39:51'),
	(215, 11, '2025-12-19 07:30:13', '2025-12-19 11:39:51'),
	(216, 11, '2025-12-19 08:20:37', '2025-12-19 11:39:51'),
	(217, 11, '2025-12-19 14:31:10', '2025-12-22 09:30:13'),
	(218, 19, '2025-12-22 09:30:20', '2025-12-22 09:31:11'),
	(219, 11, '2025-12-22 09:31:17', '2025-12-23 11:50:57'),
	(220, 11, '2025-12-23 10:53:53', '2025-12-23 11:50:57'),
	(221, 11, '2025-12-23 13:04:37', '2025-12-23 13:07:17'),
	(222, 11, '2025-12-23 13:05:39', '2025-12-23 13:07:17'),
	(223, 11, '2025-12-23 13:06:14', '2025-12-23 13:07:17'),
	(224, 11, '2025-12-23 15:08:36', '2025-12-29 08:58:33'),
	(225, 11, '2025-12-29 08:36:37', '2025-12-29 08:58:33'),
	(227, 11, '2025-12-31 08:42:41', '2025-12-31 09:39:26'),
	(228, 11, '2025-12-31 09:54:43', '2025-12-31 10:53:41'),
	(229, 11, '2026-01-06 10:06:30', '2026-01-07 16:07:23'),
	(230, 11, '2026-01-07 14:46:26', '2026-01-07 16:07:23'),
	(231, 11, '2026-01-07 17:21:57', '2026-01-07 17:24:05'),
	(232, 11, '2026-01-13 10:50:01', '2026-01-18 03:22:46'),
	(233, 11, '2026-01-13 10:52:50', '2026-01-18 03:22:46'),
	(234, 11, '2026-01-13 10:53:52', '2026-01-18 03:22:46'),
	(235, 11, '2026-01-17 23:53:57', '2026-01-18 03:22:46'),
	(236, 11, '2026-01-18 01:14:46', '2026-01-18 03:22:46'),
	(237, 11, '2026-01-18 03:22:49', '2026-01-18 19:03:17'),
	(238, 11, '2026-01-18 19:42:28', '2026-01-18 20:38:12'),
	(239, 11, '2026-01-18 19:42:33', '2026-01-18 20:38:12'),
	(240, 11, '2026-01-18 19:42:39', '2026-01-18 20:38:12'),
	(241, 11, '2026-01-18 19:43:20', '2026-01-18 20:38:12'),
	(242, 11, '2026-01-18 19:43:26', '2026-01-18 20:38:12'),
	(243, 11, '2026-01-18 19:49:09', '2026-01-18 20:38:12'),
	(244, 11, '2026-01-19 01:20:10', '2026-01-19 02:24:03'),
	(246, 11, '2026-01-19 02:24:55', '2026-01-19 04:59:00'),
	(247, 11, '2026-01-19 03:49:07', '2026-01-19 04:59:00'),
	(248, 11, '2026-01-19 04:01:04', '2026-01-19 04:59:00'),
	(250, 11, '2026-01-19 05:00:33', '2026-01-19 05:06:07'),
	(251, 11, '2026-01-19 10:22:31', '2026-01-19 11:50:52'),
	(252, 11, '2026-01-19 11:51:23', '2026-01-19 14:01:58'),
	(253, 11, '2026-01-19 14:02:09', '2026-01-19 14:04:54'),
	(254, 11, '2026-01-19 14:06:26', '2026-01-19 16:06:55'),
	(255, 11, '2026-01-19 16:06:57', '2026-01-20 09:36:47'),
	(256, 11, '2026-01-19 19:47:34', '2026-01-20 09:36:47'),
	(257, 11, '2026-01-20 09:40:47', '2026-01-20 10:54:45'),
	(258, 11, '2026-01-20 10:54:35', '2026-01-20 10:54:45'),
	(259, 11, '2026-01-20 10:54:43', '2026-01-20 10:54:45'),
	(260, 11, '2026-01-21 08:51:09', '2026-01-22 16:46:10'),
	(261, 11, '2026-01-22 16:16:11', '2026-01-22 16:46:10'),
	(262, 11, '2026-01-23 10:20:11', '2026-01-24 13:02:03'),
	(263, 2, '2026-01-24 13:57:15', '2026-01-24 14:57:02'),
	(265, 19, '2026-01-24 15:02:39', '2026-01-24 15:08:44'),
	(266, 19, '2026-01-24 15:02:52', '2026-01-24 15:08:44'),
	(267, 19, '2026-01-24 15:04:38', '2026-01-24 15:08:44'),
	(268, 19, '2026-01-24 15:08:49', '2026-01-24 16:06:25'),
	(269, 11, '2026-01-24 16:06:38', '2026-01-24 16:07:29'),
	(270, 19, '2026-01-24 16:07:34', '2026-01-24 16:24:37'),
	(271, 19, '2026-01-24 16:24:39', '2026-01-24 16:24:47'),
	(272, 11, '2026-01-24 16:24:51', '2026-01-24 16:25:15'),
	(273, 19, '2026-01-24 16:25:22', '2026-01-24 16:30:54'),
	(274, 11, '2026-01-24 16:30:59', '2026-01-24 16:31:42'),
	(275, 19, '2026-01-24 16:31:58', '2026-01-24 16:43:32'),
	(276, 2, '2026-01-24 16:45:24', '2026-01-24 16:48:13'),
	(277, 19, '2026-01-24 16:48:19', '2026-01-24 16:48:48'),
	(278, 2, '2026-01-24 16:48:58', '2026-01-24 16:49:21'),
	(279, 2, '2026-01-24 16:50:21', '2026-01-24 16:51:27'),
	(280, 2, '2026-01-24 16:51:06', '2026-01-24 16:51:27'),
	(281, 2, '2026-01-27 09:46:41', '2026-01-27 09:47:12'),
	(282, 19, '2026-01-27 09:47:21', '2026-01-27 10:49:53'),
	(283, 11, '2026-01-27 09:47:47', '2026-01-27 10:48:28'),
	(284, 19, '2026-01-27 10:48:33', '2026-01-27 10:49:53'),
	(285, 11, '2026-01-27 10:49:59', '2026-01-27 15:45:53'),
	(286, 2, '2026-01-27 11:24:42', '2026-01-27 11:34:28'),
	(287, 19, '2026-01-27 11:34:39', '2026-01-27 11:34:53'),
	(288, 2, '2026-01-27 11:35:02', '2026-01-27 12:09:07'),
	(289, 2, '2026-01-27 13:46:57', '2026-01-27 13:55:28'),
	(290, 19, '2026-01-27 13:55:34', '2026-01-27 13:57:04'),
	(291, 2, '2026-01-27 13:57:10', '2026-01-27 13:59:58'),
	(292, 19, '2026-01-27 14:00:04', '2026-01-27 15:04:07'),
	(293, 19, '2026-01-27 15:04:12', '2026-01-27 15:11:29'),
	(294, 11, '2026-01-27 15:11:36', '2026-01-27 15:45:53'),
	(295, 19, '2026-01-27 15:45:57', '2026-01-27 15:59:17'),
	(296, 11, '2026-01-27 15:47:51', '2026-01-27 15:51:42'),
	(297, 11, '2026-01-27 15:51:59', '2026-01-27 16:20:51'),
	(298, 19, '2026-01-27 15:54:07', '2026-01-27 15:59:17'),
	(299, 11, '2026-01-27 15:59:22', '2026-01-27 16:20:51'),
	(300, 19, '2026-01-27 16:20:58', '2026-01-27 16:34:39'),
	(301, 11, '2026-01-27 16:34:44', '2026-01-27 17:03:21'),
	(302, 11, '2026-01-28 07:18:41', '2026-01-28 07:51:16'),
	(303, 11, '2026-01-28 07:55:45', '2026-01-28 07:56:17'),
	(304, 11, '2026-01-28 08:04:22', '2026-01-28 08:44:03'),
	(305, 11, '2026-01-28 08:44:13', '2026-01-28 08:50:43'),
	(306, 19, '2026-01-28 09:00:07', '2026-01-28 09:00:36'),
	(307, 11, '2026-01-28 09:10:21', '2026-01-28 09:33:46'),
	(308, 11, '2026-01-28 09:33:49', '2026-01-28 10:18:12'),
	(309, 11, '2026-01-28 10:20:35', '2026-01-28 13:10:43'),
	(310, 11, '2026-01-28 14:57:10', '2026-01-29 07:19:48'),
	(311, 11, '2026-01-28 17:12:03', '2026-01-29 07:19:48'),
	(312, 11, '2026-01-29 07:19:51', '2026-01-29 07:36:54'),
	(313, 11, '2026-01-29 07:36:58', '2026-01-29 07:37:10'),
	(314, 19, '2026-01-29 07:37:25', '2026-01-29 08:01:36'),
	(315, 11, '2026-01-29 08:01:41', '2026-01-29 08:04:17'),
	(316, 19, '2026-01-29 08:04:23', '2026-01-29 09:13:37'),
	(318, 19, '2026-01-29 09:16:53', '2026-01-29 09:31:14'),
	(321, 19, '2026-01-29 09:36:18', '2026-01-29 09:36:23'),
	(322, 11, '2026-01-29 09:36:56', '2026-01-29 14:46:12'),
	(323, 11, '2026-01-29 14:46:10', '2026-01-29 14:46:12'),
	(324, 11, '2026-01-29 14:50:48', '2026-01-29 14:51:02'),
	(326, 19, '2026-01-29 14:51:54', '2026-01-29 15:39:31'),
	(327, 11, '2026-01-29 15:39:38', '2026-01-30 07:34:10'),
	(328, 19, '2026-01-30 07:34:15', '2026-01-30 08:38:17'),
	(329, 11, '2026-01-30 08:38:22', '2026-01-30 08:44:56'),
	(330, 19, '2026-01-30 08:45:01', '2026-01-30 09:18:20'),
	(331, 11, '2026-01-30 09:18:27', '2026-01-30 09:27:31'),
	(332, 19, '2026-01-30 09:27:35', '2026-01-30 10:16:20'),
	(333, 11, '2026-01-30 10:16:27', '2026-01-30 14:29:07'),
	(334, 19, '2026-01-30 14:29:13', '2026-01-30 16:53:38'),
	(335, 11, '2026-01-30 16:54:08', '2026-01-30 17:15:52'),
	(336, 19, '2026-01-30 17:15:59', '2026-01-30 17:29:53'),
	(337, 11, '2026-01-30 17:29:58', '2026-01-30 18:01:44'),
	(338, 19, '2026-01-30 18:01:49', '2026-01-30 18:15:31'),
	(339, 2, '2026-01-30 18:15:42', '2026-01-30 18:17:40'),
	(340, 2, '2026-01-30 18:15:59', '2026-01-30 18:17:40'),
	(341, 2, '2026-01-30 18:16:21', '2026-01-30 18:17:40'),
	(342, 11, '2026-01-30 18:19:22', '2026-01-30 18:19:27'),
	(343, 11, '2026-01-30 18:19:31', '2026-01-30 18:47:13'),
	(344, 19, '2026-01-30 18:47:18', '2026-01-30 18:49:22'),
	(345, 11, '2026-01-30 18:49:27', '2026-01-30 18:49:56'),
	(346, 11, '2026-02-01 10:23:56', '2026-02-01 11:50:28'),
	(347, 19, '2026-02-01 11:50:35', '2026-02-01 12:13:05'),
	(348, 2, '2026-02-01 12:13:14', '2026-02-01 12:36:56'),
	(349, 2, '2026-02-01 12:41:26', '2026-02-01 12:41:32'),
	(350, 11, '2026-02-01 12:41:47', '2026-02-01 12:41:53'),
	(351, 11, '2026-02-02 08:09:51', '2026-02-02 17:19:25'),
	(352, 11, '2026-02-03 17:55:17', '2026-02-03 17:56:27'),
	(353, 11, '2026-02-04 17:08:40', '2026-02-05 14:48:43'),
	(354, 19, '2026-02-05 14:48:47', '2026-02-05 15:09:24'),
	(355, 11, '2026-02-05 15:09:30', '2026-02-05 15:17:43'),
	(356, 19, '2026-02-05 15:17:48', '2026-02-05 15:27:21'),
	(357, 11, '2026-02-05 15:27:26', '2026-02-05 15:28:39'),
	(358, 19, '2026-02-05 15:28:47', '2026-02-05 15:31:23'),
	(359, 11, '2026-02-05 15:31:27', '2026-02-05 15:32:01'),
	(360, 11, '2026-02-05 16:00:47', '2026-02-05 17:31:05'),
	(361, 19, '2026-02-05 17:31:14', '2026-02-05 17:53:51'),
	(362, 11, '2026-02-05 18:14:59', '2026-02-06 09:54:28'),
	(363, 11, '2026-02-06 09:57:00', '2026-02-06 11:00:58'),
	(364, 2, '2026-02-06 11:01:32', '2026-02-06 11:02:27'),
	(365, 11, '2026-02-06 11:02:39', '2026-02-06 11:03:26'),
	(366, 2, '2026-02-06 11:03:34', '2026-02-06 11:07:06'),
	(367, 2, '2026-02-06 11:07:15', '2026-02-06 11:18:32'),
	(368, 19, '2026-02-06 11:18:38', '2026-02-06 11:19:43'),
	(369, 2, '2026-02-06 11:19:56', '2026-02-06 14:55:19'),
	(370, 11, '2026-02-06 14:55:27', '2026-02-09 07:36:12'),
	(371, 11, '2026-02-09 07:35:53', '2026-02-09 07:36:12'),
	(372, 11, '2026-02-09 07:53:46', '2026-02-09 10:05:27'),
	(373, 11, '2026-02-09 10:06:12', '2026-02-09 10:21:12'),
	(374, 11, '2026-02-09 10:08:03', '2026-02-09 10:21:12'),
	(375, 11, '2026-02-09 10:21:14', '2026-02-09 10:21:34'),
	(376, 11, '2026-02-09 10:33:57', '2026-02-09 10:38:22'),
	(377, 11, '2026-02-09 10:38:39', '2026-02-09 11:26:30'),
	(378, 11, '2026-02-09 11:26:21', '2026-02-09 11:26:30'),
	(379, 11, '2026-02-09 11:45:22', '2026-02-09 11:46:35'),
	(380, 11, '2026-02-09 11:46:37', '2026-02-09 17:00:46'),
	(381, 19, '2026-02-09 17:00:51', '2026-02-09 17:04:21'),
	(382, 11, '2026-02-13 14:35:29', '2026-02-14 10:57:26'),
	(383, 19, '2026-02-14 10:57:31', '2026-02-14 10:59:46'),
	(384, 11, '2026-02-14 11:00:01', '2026-02-14 11:12:21'),
	(385, 19, '2026-02-14 11:12:25', '2026-02-14 11:26:56'),
	(386, 11, '2026-02-14 11:27:01', '2026-02-14 14:27:36'),
	(387, 11, '2026-02-14 14:27:39', '2026-02-14 15:20:41'),
	(388, 11, '2026-02-14 15:24:47', '2026-02-14 15:26:16'),
	(389, 11, '2026-02-16 11:54:17', '2026-02-16 13:45:38'),
	(390, 11, '2026-02-16 13:28:19', '2026-02-16 13:45:38'),
	(391, 19, '2026-02-16 13:55:58', '2026-02-16 13:57:09'),
	(392, 19, '2026-02-17 08:11:39', '2026-02-17 08:12:52'),
	(393, 19, '2026-02-17 08:12:53', '2026-02-17 13:57:43'),
	(394, 11, '2026-02-17 14:32:49', '2026-02-20 07:20:34'),
	(395, 11, '2026-02-19 09:32:07', '2026-02-20 07:20:34'),
	(396, 11, '2026-02-19 16:35:35', '2026-02-20 07:20:34'),
	(397, 11, '2026-02-20 15:46:10', '2026-03-03 08:34:40'),
	(398, 11, '2026-02-23 07:45:38', '2026-03-03 08:34:40'),
	(399, 11, '2026-02-26 16:04:48', '2026-03-03 08:34:40'),
	(400, 11, '2026-02-27 15:21:41', '2026-03-03 08:34:40'),
	(401, 11, '2026-03-02 10:01:10', '2026-03-03 08:34:40'),
	(402, 19, '2026-03-03 08:34:54', '2026-03-03 08:37:51'),
	(403, 11, '2026-03-03 08:37:56', '2026-03-03 15:10:34'),
	(404, 11, '2026-03-03 15:10:36', '2026-03-03 15:21:59'),
	(405, 19, '2026-03-03 15:22:04', '2026-03-04 07:27:50'),
	(406, 19, '2026-03-04 07:27:54', '2026-03-04 07:34:37'),
	(407, 11, '2026-03-04 07:34:44', '2026-03-05 08:18:12'),
	(408, 11, '2026-03-04 08:14:10', '2026-03-05 08:18:12'),
	(409, 19, '2026-03-05 08:18:16', '2026-03-05 13:52:57'),
	(410, 11, '2026-03-05 13:53:06', '2026-03-05 13:55:15'),
	(411, 19, '2026-03-05 13:55:19', '2026-03-05 15:06:31'),
	(412, 2, '2026-03-05 15:06:49', '2026-03-05 15:21:59'),
	(413, 2, '2026-03-05 15:22:01', '2026-03-05 15:22:45'),
	(414, 19, '2026-03-05 15:22:53', '2026-03-05 17:11:09'),
	(415, 19, '2026-03-05 17:11:56', '2026-03-05 17:15:14'),
	(416, 19, '2026-03-05 17:15:27', '2026-03-05 17:15:58'),
	(417, 19, '2026-03-05 17:21:57', '2026-03-05 17:22:44'),
	(418, 19, '2026-03-06 13:43:05', '2026-03-06 16:26:10'),
	(419, 11, '2026-03-06 16:26:18', '2026-03-09 16:09:40'),
	(420, 19, '2026-03-09 16:09:46', '2026-03-10 14:21:22'),
	(421, 19, '2026-03-10 10:36:51', '2026-03-10 14:21:22'),
	(422, 11, '2026-03-10 14:21:39', '2026-03-18 10:09:49'),
	(423, 11, '2026-03-11 11:26:57', '2026-03-18 10:09:49'),
	(424, 11, '2026-03-16 11:33:02', '2026-03-18 10:09:49'),
	(425, 11, '2026-03-17 11:28:20', '2026-03-18 10:09:49'),
	(426, 19, '2026-03-18 10:10:04', '2026-03-20 14:09:11'),
	(427, 11, '2026-03-20 13:55:18', '2026-03-20 14:07:41'),
	(428, 19, '2026-03-20 14:07:45', '2026-03-20 14:09:11'),
	(429, 11, '2026-03-20 14:09:16', '2026-03-20 14:11:17'),
	(430, 19, '2026-03-20 14:11:20', '2026-03-20 14:11:55'),
	(431, 11, '2026-03-20 14:12:00', '2026-03-20 14:13:30'),
	(432, 19, '2026-03-20 14:13:34', '2026-03-20 14:21:07'),
	(433, 19, '2026-03-20 14:21:23', '2026-03-20 14:21:28'),
	(434, 11, '2026-03-20 14:21:31', '2026-03-23 16:35:20'),
	(435, 11, '2026-03-23 16:35:15', '2026-03-23 16:35:20'),
	(436, 19, '2026-03-23 16:35:25', '2026-03-23 18:08:09'),
	(437, 11, '2026-03-23 18:08:12', '2026-03-23 18:17:12'),
	(438, 19, '2026-03-23 18:17:16', '2026-03-23 18:18:58'),
	(439, 11, '2026-03-24 08:02:47', NULL),
	(440, 11, '2026-03-24 16:22:06', NULL),
	(441, 11, '2026-03-24 16:22:09', NULL),
	(442, 11, '2026-03-24 16:22:11', NULL),
	(443, 11, '2026-03-24 16:22:18', NULL),
	(444, 11, '2026-03-24 16:22:22', NULL),
	(445, 11, '2026-03-24 16:22:24', NULL),
	(446, 11, '2026-03-24 16:22:25', NULL),
	(447, 11, '2026-03-24 16:22:26', NULL),
	(448, 11, '2026-03-24 16:37:24', NULL),
	(449, 11, '2026-03-24 16:42:49', NULL),
	(450, 11, '2026-03-24 16:49:32', NULL),
	(451, 11, '2026-03-24 16:49:37', NULL),
	(452, 11, '2026-03-24 16:50:03', NULL);

-- Dumping structure for table accountopening_db.tutor_account_submissions
CREATE TABLE IF NOT EXISTS `tutor_account_submissions` (
  `id` int unsigned NOT NULL AUTO_INCREMENT,
  `submission` json NOT NULL,
  `created_at` timestamp NULL DEFAULT CURRENT_TIMESTAMP,
  PRIMARY KEY (`id`)
) ENGINE=InnoDB AUTO_INCREMENT=2 DEFAULT CHARSET=utf8mb4 COLLATE=utf8mb4_unicode_ci;

-- Dumping data for table accountopening_db.tutor_account_submissions: ~0 rows (approximately)
INSERT INTO `tutor_account_submissions` (`id`, `submission`, `created_at`) VALUES
	(1, '{"noms": "YOKA", "pays": "Congo", "genre": "♂", "titre": "Mr.", "ville": "brazzaville", "autres": "", "n_rccm": "", "n_piece": "BZV01230", "prenoms": "CLAUDE", "fonction": "", "telephone": "069773075", "code_postal": "441", "nationalite": "congolaise", "adresse_mail": "cyoka@gmail.com", "type_de_piece": "CNI", "adresse_legale": "14 rue Kimboto moungali", "autres_prenoms": "FIRMIN", "type_de_contrat": [], "date_dexpiration": "2030-11-11", "n_carte_etudiant": "", "date_de_naissance": "1980-09-12", "lieu_de_naissance": "Brazzaville", "nom_de_lemployeur": "ECOBABK", "date_de_delivrance": "2025-11-11", "deuxieme_telephone": "", "nom_de_lentreprise": "", "nature_de_lactivite": "", "nom_de_l_instruction": "", "situation_matrimoniale": "MARIE(E)", "n_identification_fiscale": "PP41", "estimation_revenu_mensuel": [], "numro_de_rfrence_optionnel": ""}', '2025-12-24 13:26:02');

/*!40103 SET TIME_ZONE=IFNULL(@OLD_TIME_ZONE, 'system') */;
/*!40101 SET SQL_MODE=IFNULL(@OLD_SQL_MODE, '') */;
/*!40014 SET FOREIGN_KEY_CHECKS=IFNULL(@OLD_FOREIGN_KEY_CHECKS, 1) */;
/*!40101 SET CHARACTER_SET_CLIENT=@OLD_CHARACTER_SET_CLIENT */;
/*!40111 SET SQL_NOTES=IFNULL(@OLD_SQL_NOTES, 1) */;
