-- --------------------------------------------------------
-- Host:                         127.0.0.1
-- Server version:               8.0.30 - MySQL Community Server - GPL
-- Server OS:                    Win64
-- HeidiSQL Version:             12.1.0.6537
-- --------------------------------------------------------

/*!40101 SET @OLD_CHARACTER_SET_CLIENT=@@CHARACTER_SET_CLIENT */;
/*!40101 SET NAMES utf8 */;
/*!50503 SET NAMES utf8mb4 */;
/*!40103 SET @OLD_TIME_ZONE=@@TIME_ZONE */;
/*!40103 SET TIME_ZONE='+00:00' */;
/*!40014 SET @OLD_FOREIGN_KEY_CHECKS=@@FOREIGN_KEY_CHECKS, FOREIGN_KEY_CHECKS=0 */;
/*!40101 SET @OLD_SQL_MODE=@@SQL_MODE, SQL_MODE='NO_AUTO_VALUE_ON_ZERO' */;
/*!40111 SET @OLD_SQL_NOTES=@@SQL_NOTES, SQL_NOTES=0 */;


-- Dumping database structure for accountopening_db
CREATE DATABASE IF NOT EXISTS `accountopening_db` /*!40100 DEFAULT CHARACTER SET utf8mb4 COLLATE utf8mb4_general_ci */ /*!80016 DEFAULT ENCRYPTION='N' */;
USE `accountopening_db`;

-- Dumping structure for table accountopening_db.accounts
CREATE TABLE IF NOT EXISTS `accounts` (
  `id` int NOT NULL AUTO_INCREMENT,
  `account_number` varchar(128) DEFAULT NULL,
  `bank_account_number` varchar(128) DEFAULT NULL,
  `customer_id` int DEFAULT NULL,
  `account_type` varchar(128) DEFAULT NULL,
  `type_compte` varchar(255) DEFAULT NULL,
  `currency` varchar(64) DEFAULT 'XAF',
  `branch_code` varchar(64) DEFAULT NULL,
  `account_officer` varchar(128) DEFAULT NULL,
  `account_handler` varchar(128) DEFAULT NULL,
  `account_purpose` varchar(128) DEFAULT NULL,
  `services` text,
  `tax_registration` varchar(64) DEFAULT NULL,
  `date_open` date DEFAULT NULL,
  `approved_by` varchar(128) DEFAULT NULL,
  `approved_signature` text,
  `status` enum('pending','approved','active','closed') DEFAULT 'pending',
  `created_at` timestamp NULL DEFAULT CURRENT_TIMESTAMP,
  `updated_at` timestamp NULL DEFAULT CURRENT_TIMESTAMP ON UPDATE CURRENT_TIMESTAMP,
  PRIMARY KEY (`id`),
  UNIQUE KEY `account_number` (`account_number`),
  KEY `idx_account_number` (`account_number`),
  KEY `idx_customer_account` (`customer_id`),
  KEY `idx_status` (`status`),
  CONSTRAINT `accounts_ibfk_1` FOREIGN KEY (`customer_id`) REFERENCES `customers` (`id`) ON DELETE SET NULL
) ENGINE=InnoDB AUTO_INCREMENT=3 DEFAULT CHARSET=utf8mb4 COLLATE=utf8mb4_0900_ai_ci;

-- Dumping data for table accountopening_db.accounts: ~0 rows (approximately)

-- Dumping structure for table accountopening_db.admin
CREATE TABLE IF NOT EXISTS `admin` (
  `id` int NOT NULL AUTO_INCREMENT,
  `UserName` varchar(100) NOT NULL,
  `Password` varchar(100) NOT NULL,
  `updationDate` timestamp NOT NULL DEFAULT '0000-00-00 00:00:00' ON UPDATE CURRENT_TIMESTAMP,
  PRIMARY KEY (`id`)
) ENGINE=InnoDB AUTO_INCREMENT=2 DEFAULT CHARSET=latin1;

-- Dumping data for table accountopening_db.admin: ~0 rows (approximately)
INSERT INTO `admin` (`id`, `UserName`, `Password`, `updationDate`) VALUES
	(1, 'admin', '21232f297a57a5a743894a0e4a801fc3', '2020-11-03 05:55:30');

-- Dumping structure for table accountopening_db.audit_logs
CREATE TABLE IF NOT EXISTS `audit_logs` (
  `id` int NOT NULL AUTO_INCREMENT,
  `timestamp` datetime NOT NULL,
  `user_id` varchar(50) DEFAULT NULL,
  `action` varchar(100) NOT NULL,
  `details` text,
  `ip_address` varchar(45) DEFAULT NULL,
  `user_agent` varchar(255) DEFAULT NULL,
  PRIMARY KEY (`id`),
  KEY `idx_timestamp` (`timestamp`),
  KEY `idx_user_id` (`user_id`),
  KEY `idx_action` (`action`)
) ENGINE=InnoDB AUTO_INCREMENT=91 DEFAULT CHARSET=utf8mb4 COLLATE=utf8mb4_0900_ai_ci;

-- Dumping data for table accountopening_db.audit_logs: ~60 rows (approximately)
INSERT INTO `audit_logs` (`id`, `timestamp`, `user_id`, `action`, `details`, `ip_address`, `user_agent`) VALUES
	(1, '2026-03-25 18:47:34', '11', 'LOGIN_SUCCESS', '{"user_id":10}', '::1', 'Mozilla/5.0 (Windows NT 10.0; Win64; x64) AppleWebKit/537.36 (KHTML, like Gecko) Chrome/146.0.0.0 Safari/537.36 Edg/146.0.0.0'),
	(2, '2026-03-25 18:48:01', '11', 'LOGIN_SUCCESS', '{"user_id":2}', '::1', 'Mozilla/5.0 (Windows NT 10.0; Win64; x64) AppleWebKit/537.36 (KHTML, like Gecko) Chrome/146.0.0.0 Safari/537.36 Edg/146.0.0.0'),
	(3, '2026-03-25 18:48:01', '11', 'ADMIN_PAGE_ACCESS', '{"page":"admin_dashboard"}', '::1', 'Mozilla/5.0 (Windows NT 10.0; Win64; x64) AppleWebKit/537.36 (KHTML, like Gecko) Chrome/146.0.0.0 Safari/537.36 Edg/146.0.0.0'),
	(4, '2026-03-25 18:48:01', '11', 'ADMIN_SESSION_ACTIVE', '{"user_id":2,"role":"Admin","department":"ICT"}', '::1', 'Mozilla/5.0 (Windows NT 10.0; Win64; x64) AppleWebKit/537.36 (KHTML, like Gecko) Chrome/146.0.0.0 Safari/537.36 Edg/146.0.0.0'),
	(5, '2026-03-25 18:49:54', '11', 'ADMIN_PAGE_ACCESS', '{"page":"admin_dashboard"}', '::1', 'Mozilla/5.0 (Windows NT 10.0; Win64; x64) AppleWebKit/537.36 (KHTML, like Gecko) Chrome/146.0.0.0 Safari/537.36 Edg/146.0.0.0'),
	(6, '2026-03-25 18:49:54', '11', 'ADMIN_SESSION_ACTIVE', '{"user_id":2,"role":"Admin","department":"ICT"}', '::1', 'Mozilla/5.0 (Windows NT 10.0; Win64; x64) AppleWebKit/537.36 (KHTML, like Gecko) Chrome/146.0.0.0 Safari/537.36 Edg/146.0.0.0'),
	(7, '2026-03-25 18:50:16', '11', 'ADMIN_PAGE_ACCESS', '{"page":"admin_dashboard"}', '::1', 'Mozilla/5.0 (Windows NT 10.0; Win64; x64) AppleWebKit/537.36 (KHTML, like Gecko) Chrome/146.0.0.0 Safari/537.36 Edg/146.0.0.0'),
	(8, '2026-03-25 18:50:16', '11', 'ADMIN_SESSION_ACTIVE', '{"user_id":2,"role":"Admin","department":"ICT"}', '::1', 'Mozilla/5.0 (Windows NT 10.0; Win64; x64) AppleWebKit/537.36 (KHTML, like Gecko) Chrome/146.0.0.0 Safari/537.36 Edg/146.0.0.0'),
	(9, '2026-03-25 18:50:56', '11', 'ADMIN_PAGE_ACCESS', '{"page":"admin_dashboard"}', '::1', 'Mozilla/5.0 (Windows NT 10.0; Win64; x64) AppleWebKit/537.36 (KHTML, like Gecko) Chrome/146.0.0.0 Safari/537.36 Edg/146.0.0.0'),
	(10, '2026-03-25 18:50:56', '11', 'ADMIN_SESSION_ACTIVE', '{"user_id":2,"role":"Admin","department":"ICT"}', '::1', 'Mozilla/5.0 (Windows NT 10.0; Win64; x64) AppleWebKit/537.36 (KHTML, like Gecko) Chrome/146.0.0.0 Safari/537.36 Edg/146.0.0.0'),
	(11, '2026-03-25 18:51:48', '11', 'LOGIN_SUCCESS', '{"user_id":2}', '::1', 'Mozilla/5.0 (Windows NT 10.0; Win64; x64) AppleWebKit/537.36 (KHTML, like Gecko) Chrome/146.0.0.0 Safari/537.36 Edg/146.0.0.0'),
	(12, '2026-03-25 18:51:48', '11', 'ADMIN_PAGE_ACCESS', '{"page":"admin_dashboard"}', '::1', 'Mozilla/5.0 (Windows NT 10.0; Win64; x64) AppleWebKit/537.36 (KHTML, like Gecko) Chrome/146.0.0.0 Safari/537.36 Edg/146.0.0.0'),
	(13, '2026-03-25 18:51:48', '11', 'ADMIN_SESSION_ACTIVE', '{"user_id":2,"role":"Admin","department":"ICT"}', '::1', 'Mozilla/5.0 (Windows NT 10.0; Win64; x64) AppleWebKit/537.36 (KHTML, like Gecko) Chrome/146.0.0.0 Safari/537.36 Edg/146.0.0.0'),
	(14, '2026-03-25 18:51:57', '11', 'ADMIN_PAGE_ACCESS', '{"page":"admin_dashboard"}', '::1', 'Mozilla/5.0 (Windows NT 10.0; Win64; x64) AppleWebKit/537.36 (KHTML, like Gecko) Chrome/146.0.0.0 Safari/537.36 Edg/146.0.0.0'),
	(15, '2026-03-25 18:51:57', '11', 'ADMIN_SESSION_ACTIVE', '{"user_id":2,"role":"Admin","department":"ICT"}', '::1', 'Mozilla/5.0 (Windows NT 10.0; Win64; x64) AppleWebKit/537.36 (KHTML, like Gecko) Chrome/146.0.0.0 Safari/537.36 Edg/146.0.0.0'),
	(16, '2026-03-25 18:58:22', '11', 'LOGIN_SUCCESS', '{"user_id":2}', '::1', 'Mozilla/5.0 (Windows NT 10.0; Win64; x64) AppleWebKit/537.36 (KHTML, like Gecko) Chrome/146.0.0.0 Safari/537.36 Edg/146.0.0.0'),
	(17, '2026-03-25 18:58:22', '11', 'ADMIN_PAGE_ACCESS', '{"page":"admin_dashboard"}', '::1', 'Mozilla/5.0 (Windows NT 10.0; Win64; x64) AppleWebKit/537.36 (KHTML, like Gecko) Chrome/146.0.0.0 Safari/537.36 Edg/146.0.0.0'),
	(18, '2026-03-25 18:58:22', '11', 'ADMIN_SESSION_ACTIVE', '{"user_id":2,"role":"Admin","department":"ICT"}', '::1', 'Mozilla/5.0 (Windows NT 10.0; Win64; x64) AppleWebKit/537.36 (KHTML, like Gecko) Chrome/146.0.0.0 Safari/537.36 Edg/146.0.0.0'),
	(19, '2026-03-25 18:58:28', '11', 'ADMIN_PAGE_ACCESS', '{"page":"admin_dashboard"}', '::1', 'Mozilla/5.0 (Windows NT 10.0; Win64; x64) AppleWebKit/537.36 (KHTML, like Gecko) Chrome/146.0.0.0 Safari/537.36 Edg/146.0.0.0'),
	(20, '2026-03-25 18:58:28', '11', 'ADMIN_SESSION_ACTIVE', '{"user_id":2,"role":"Admin","department":"ICT"}', '::1', 'Mozilla/5.0 (Windows NT 10.0; Win64; x64) AppleWebKit/537.36 (KHTML, like Gecko) Chrome/146.0.0.0 Safari/537.36 Edg/146.0.0.0'),
	(21, '2026-03-25 18:59:16', '11', 'ADMIN_PAGE_ACCESS', '{"page":"admin_dashboard"}', '::1', 'Mozilla/5.0 (Windows NT 10.0; Win64; x64) AppleWebKit/537.36 (KHTML, like Gecko) Chrome/146.0.0.0 Safari/537.36 Edg/146.0.0.0'),
	(22, '2026-03-25 18:59:16', '11', 'ADMIN_SESSION_ACTIVE', '{"user_id":2,"role":"Admin","department":"ICT"}', '::1', 'Mozilla/5.0 (Windows NT 10.0; Win64; x64) AppleWebKit/537.36 (KHTML, like Gecko) Chrome/146.0.0.0 Safari/537.36 Edg/146.0.0.0'),
	(23, '2026-03-25 19:09:18', '11', 'LOGIN_SUCCESS', '{"user_id":2}', '::1', 'Mozilla/5.0 (Windows NT 10.0; Win64; x64) AppleWebKit/537.36 (KHTML, like Gecko) Chrome/146.0.0.0 Safari/537.36 Edg/146.0.0.0'),
	(24, '2026-03-25 19:09:19', '11', 'ADMIN_PAGE_ACCESS', '{"page":"admin_dashboard"}', '::1', 'Mozilla/5.0 (Windows NT 10.0; Win64; x64) AppleWebKit/537.36 (KHTML, like Gecko) Chrome/146.0.0.0 Safari/537.36 Edg/146.0.0.0'),
	(25, '2026-03-25 19:09:19', '11', 'ADMIN_SESSION_ACTIVE', '{"user_id":2,"role":"Admin","department":"ICT"}', '::1', 'Mozilla/5.0 (Windows NT 10.0; Win64; x64) AppleWebKit/537.36 (KHTML, like Gecko) Chrome/146.0.0.0 Safari/537.36 Edg/146.0.0.0'),
	(26, '2026-03-25 19:11:14', '11', 'AUDIT_CLEANUP', '{"deleted_records":0,"cutoff_date":"2025-12-25 19:11:14"}', '::1', 'Mozilla/5.0 (Windows NT 10.0; Win64; x64) AppleWebKit/537.36 (KHTML, like Gecko) Chrome/146.0.0.0 Safari/537.36 Edg/146.0.0.0'),
	(27, '2026-03-25 19:11:28', '11', 'AUDIT_CLEANUP', '{"deleted_records":0,"cutoff_date":"2025-12-25 19:11:28"}', '::1', 'Mozilla/5.0 (Windows NT 10.0; Win64; x64) AppleWebKit/537.36 (KHTML, like Gecko) Chrome/146.0.0.0 Safari/537.36 Edg/146.0.0.0'),
	(28, '2026-03-25 19:12:44', '11', 'LOGIN_SUCCESS', '{"user_id":11}', '::1', 'Mozilla/5.0 (Windows NT 10.0; Win64; x64) AppleWebKit/537.36 (KHTML, like Gecko) Chrome/146.0.0.0 Safari/537.36 Edg/146.0.0.0'),
	(29, '2026-03-26 07:15:27', '11', 'LOGIN_SUCCESS', '{"user_id":11}', '::1', 'Mozilla/5.0 (Windows NT 10.0; Win64; x64) AppleWebKit/537.36 (KHTML, like Gecko) Chrome/146.0.0.0 Safari/537.36 Edg/146.0.0.0'),
	(30, '2026-03-26 07:15:32', 'system', 'LOGIN_SUCCESS', '{"user_id":11}', '::1', 'Mozilla/5.0 (Windows NT 10.0; Win64; x64) AppleWebKit/537.36 (KHTML, like Gecko) Chrome/146.0.0.0 Safari/537.36 Edg/146.0.0.0'),
	(31, '2026-03-26 11:28:06', '11', 'LOGIN_SUCCESS', '{"user_id":11}', '::1', 'Mozilla/5.0 (Windows NT 10.0; Win64; x64) AppleWebKit/537.36 (KHTML, like Gecko) Chrome/146.0.0.0 Safari/537.36 Edg/146.0.0.0'),
	(32, '2026-03-26 11:28:08', 'system', 'LOGIN_SUCCESS', '{"user_id":11}', '::1', 'Mozilla/5.0 (Windows NT 10.0; Win64; x64) AppleWebKit/537.36 (KHTML, like Gecko) Chrome/146.0.0.0 Safari/537.36 Edg/146.0.0.0'),
	(33, '2026-03-26 13:36:12', 'system', 'LOGIN_SUCCESS', '{"user_id":11}', '::1', 'Mozilla/5.0 (Windows NT 10.0; Win64; x64) AppleWebKit/537.36 (KHTML, like Gecko) Chrome/146.0.0.0 Safari/537.36 Edg/146.0.0.0'),
	(34, '2026-03-26 17:31:08', '11', 'LOGIN_SUCCESS', '{"user_id":11}', '::1', 'Mozilla/5.0 (Windows NT 10.0; Win64; x64) AppleWebKit/537.36 (KHTML, like Gecko) Chrome/146.0.0.0 Safari/537.36 Edg/146.0.0.0'),
	(35, '2026-03-26 17:31:13', 'system', 'LOGIN_SUCCESS', '{"user_id":11}', '::1', 'Mozilla/5.0 (Windows NT 10.0; Win64; x64) AppleWebKit/537.36 (KHTML, like Gecko) Chrome/146.0.0.0 Safari/537.36 Edg/146.0.0.0'),
	(36, '2026-03-26 17:45:05', '11', 'LOGIN_SUCCESS', '{"user_id":11}', '::1', 'Mozilla/5.0 (Windows NT 10.0; Win64; x64) AppleWebKit/537.36 (KHTML, like Gecko) Chrome/146.0.0.0 Safari/537.36 Edg/146.0.0.0'),
	(37, '2026-03-26 17:50:17', '11', 'LOGIN_FAILED', '{"user_id":"yclaude"}', '::1', 'Mozilla/5.0 (Windows NT 10.0; Win64; x64) AppleWebKit/537.36 (KHTML, like Gecko) Chrome/146.0.0.0 Safari/537.36 Edg/146.0.0.0'),
	(38, '2026-03-26 18:08:34', '11', 'LOGIN_SUCCESS', '{"user_id":11}', '::1', 'Mozilla/5.0 (Windows NT 10.0; Win64; x64) AppleWebKit/537.36 (KHTML, like Gecko) Chrome/146.0.0.0 Safari/537.36 Edg/146.0.0.0'),
	(39, '2026-03-26 18:23:22', '11', 'FORM_SUBMIT_ECOBANK_ACCOUNT_OPENING', '{"submission_id":32,"customer_name":"ENCRYPTED DATA3226495 gad YOKA ENCRYPTED DATA3226495","account_number":"37155009482","account_type":"Compte courant","branch_code":"T31"}', '::1', 'Mozilla/5.0 (Windows NT 10.0; Win64; x64) AppleWebKit/537.36 (KHTML, like Gecko) Chrome/146.0.0.0 Safari/537.36 Edg/146.0.0.0'),
	(40, '2026-03-26 18:53:29', '11', 'FORM_SUBMIT_ECOBANK_ACCOUNT_OPENING', '{"submission_id":33,"customer_name":"ENCRYPTED DATA1746374 gad YOKA ENCRYPTED DATA1746374","account_number":"37220025707","account_type":"Compte épargne","branch_code":"T32"}', '::1', 'Mozilla/5.0 (Windows NT 10.0; Win64; x64) AppleWebKit/537.36 (KHTML, like Gecko) Chrome/146.0.0.0 Safari/537.36 Edg/146.0.0.0'),
	(41, '2026-03-26 19:05:06', '11', 'LOGIN_SUCCESS', '{"user_id":19}', '::1', 'Mozilla/5.0 (Windows NT 10.0; Win64; x64) AppleWebKit/537.36 (KHTML, like Gecko) Chrome/146.0.0.0 Safari/537.36 Edg/146.0.0.0'),
	(42, '2026-03-26 19:13:27', '11', 'LOGIN_SUCCESS', '{"user_id":11}', '::1', 'Mozilla/5.0 (Windows NT 10.0; Win64; x64) AppleWebKit/537.36 (KHTML, like Gecko) Chrome/146.0.0.0 Safari/537.36 Edg/146.0.0.0'),
	(43, '2026-03-27 06:58:42', 'system', 'LOGIN_SUCCESS', '{"user_id":11}', '::1', 'Mozilla/5.0 (Windows NT 10.0; Win64; x64) AppleWebKit/537.36 (KHTML, like Gecko) Chrome/146.0.0.0 Safari/537.36 Edg/146.0.0.0'),
	(44, '2026-03-27 07:06:34', '11', 'LOGIN_SUCCESS', '{"user_id":11}', '::1', 'Mozilla/5.0 (Windows NT 10.0; Win64; x64) AppleWebKit/537.36 (KHTML, like Gecko) Chrome/146.0.0.0 Safari/537.36 Edg/146.0.0.0'),
	(45, '2026-03-27 08:08:05', '11', 'FORM_SUBMIT_DIGITAL_FORM', '{"submission_id":1,"account_number":"37220025707","branch_code":"T32","firstname":"ENCRYPTED DATA1746374 ENCRYPTED DATA1746374","services":"U","type_compte":"","mobile":"","deposit_amount":"500000","chequier_requested":false}', '::1', 'Mozilla/5.0 (Windows NT 10.0; Win64; x64) AppleWebKit/537.36 (KHTML, like Gecko) Chrome/146.0.0.0 Safari/537.36 Edg/146.0.0.0'),
	(46, '2026-03-27 08:52:43', '11', 'LOGIN_SUCCESS', '{"user_id":11}', '::1', 'Mozilla/5.0 (Windows NT 10.0; Win64; x64) AppleWebKit/537.36 (KHTML, like Gecko) Chrome/146.0.0.0 Safari/537.36 Edg/146.0.0.0'),
	(47, '2026-03-27 09:16:28', '11', 'FORM_SUBMIT_DIGITAL_FORM', '{"submission_id":7,"account_number":"37150000008","branch_code":"00001","firstname":"Oliveira YOKA MOSSA","services":"ESPÈCE","type_compte":"","mobile":"0700000000","deposit_amount":"","chequier_requested":false}', '::1', 'Mozilla/5.0 (Windows NT 10.0; Win64; x64) AppleWebKit/537.36 (KHTML, like Gecko) Chrome/146.0.0.0 Safari/537.36 Edg/146.0.0.0'),
	(48, '2026-03-27 09:18:38', '11', 'FORM_SUBMIT_DIGITAL_FORM', '{"submission_id":8,"account_number":"37150000008","branch_code":"00001","firstname":"Oliveira YOKA MOSSA","services":"ESPÈCE","type_compte":"","mobile":"0700000000","deposit_amount":"100000","chequier_requested":false}', '::1', 'Mozilla/5.0 (Windows NT 10.0; Win64; x64) AppleWebKit/537.36 (KHTML, like Gecko) Chrome/146.0.0.0 Safari/537.36 Edg/146.0.0.0'),
	(49, '2026-03-27 10:53:40', 'system', 'LOGIN_SUCCESS', '{"user_id":11}', '::1', 'Mozilla/5.0 (Windows NT 10.0; Win64; x64) AppleWebKit/537.36 (KHTML, like Gecko) Chrome/146.0.0.0 Safari/537.36 Edg/146.0.0.0'),
	(50, '2026-03-27 11:37:28', '11', 'FORM_SUBMIT_ECOBANK_ACCOUNT_OPENING', '{"submission_id":34,"customer_name":"ENCRYPTED DATA926612 ROG YOKA ENCRYPTED DATA926612","account_number":"37285009480","account_type":"Compte entreprise","branch_code":"T33"}', '::1', 'Mozilla/5.0 (Windows NT 10.0; Win64; x64) AppleWebKit/537.36 (KHTML, like Gecko) Chrome/146.0.0.0 Safari/537.36 Edg/146.0.0.0'),
	(51, '2026-03-27 11:52:03', '11', 'FORM_SUBMIT_DIRECT_CHEQUIER', '{"submission_id":6,"client_name":"ZZ gad YOKA MOSSA","account_number":"37415003954","branch_code":"T41","rib_key":"30014-00003-37285010087-09","address":"TEST address","phone_number":"069773030","email":"test@gmail.com","chequier_types":["50"],"account_type":["COURANT"],"quantity":1,"has_card":"OUI","fees":"OUI","enrolled":"OUI","serial_number":"9067675","status":"encours"}', '::1', 'Mozilla/5.0 (Windows NT 10.0; Win64; x64) AppleWebKit/537.36 (KHTML, like Gecko) Chrome/146.0.0.0 Safari/537.36 Edg/146.0.0.0'),
	(52, '2026-03-27 15:39:06', '11', 'LOGIN_SUCCESS', '{"user_id":11}', '::1', 'Mozilla/5.0 (Windows NT 10.0; Win64; x64) AppleWebKit/537.36 (KHTML, like Gecko) Chrome/146.0.0.0 Safari/537.36 Edg/146.0.0.0'),
	(53, '2026-03-27 15:39:09', 'system', 'LOGIN_SUCCESS', '{"user_id":11}', '::1', 'Mozilla/5.0 (Windows NT 10.0; Win64; x64) AppleWebKit/537.36 (KHTML, like Gecko) Chrome/146.0.0.0 Safari/537.36 Edg/146.0.0.0'),
	(54, '2026-03-27 15:55:54', '11', 'LOGIN_SUCCESS', '{"user_id":11}', '::1', 'Mozilla/5.0 (Windows NT 10.0; Win64; x64) AppleWebKit/537.36 (KHTML, like Gecko) Chrome/146.0.0.0 Safari/537.36 Edg/146.0.0.0'),
	(55, '2026-03-27 16:38:34', '11', 'LOGIN_SUCCESS', '{"user_id":11}', '::1', 'Mozilla/5.0 (Windows NT 10.0; Win64; x64) AppleWebKit/537.36 (KHTML, like Gecko) Chrome/146.0.0.0 Safari/537.36 Edg/146.0.0.0'),
	(56, '2026-03-27 17:02:34', '11', 'LOGIN_SUCCESS', '{"user_id":11}', '::1', 'Mozilla/5.0 (Windows NT 10.0; Win64; x64) AppleWebKit/537.36 (KHTML, like Gecko) Chrome/146.0.0.0 Safari/537.36 Edg/146.0.0.0'),
	(57, '2026-03-27 18:26:10', '11', 'FORM_SUBMIT_DIRECT_CHEQUIER', '{"submission_id":7,"client_name":"OD gad YOKA MOSSA","account_number":"37610001487","branch_code":"T33","rib_key":"30014-00008-37610001487-29","address":"TEST address","phone_number":"069773030","email":"test@gmail.com","chequier_types":["25"],"account_type":["COURANT"],"quantity":2,"has_card":"OUI","fees":"NON","enrolled":"OUI","serial_number":"9067809","status":"encours"}', '::1', 'Mozilla/5.0 (Windows NT 10.0; Win64; x64) AppleWebKit/537.36 (KHTML, like Gecko) Chrome/146.0.0.0 Safari/537.36 Edg/146.0.0.0'),
	(58, '2026-03-28 14:52:19', 'system', 'USER_PASSWORD_CHANGED', '{"user_id":11}', '::1', 'Mozilla/5.0 (Windows NT 10.0; Win64; x64) AppleWebKit/537.36 (KHTML, like Gecko) Chrome/146.0.0.0 Safari/537.36'),
	(59, '2026-03-28 15:10:31', 'system', 'LOGIN_SUCCESS', '{"user_id":11}', '::1', 'Mozilla/5.0 (Windows NT 10.0; Win64; x64) AppleWebKit/537.36 (KHTML, like Gecko) Chrome/146.0.0.0 Safari/537.36'),
	(60, '2026-03-28 15:10:44', 'system', 'LOGOUT', '{"user_id":11}', '::1', 'Mozilla/5.0 (Windows NT 10.0; Win64; x64) AppleWebKit/537.36 (KHTML, like Gecko) Chrome/146.0.0.0 Safari/537.36'),
	(61, '2026-03-28 15:15:09', 'system', 'LOGOUT', '{"user_id":11}', '::1', 'Mozilla/5.0 (Windows NT 10.0; Win64; x64) AppleWebKit/537.36 (KHTML, like Gecko) Chrome/146.0.0.0 Safari/537.36'),
	(62, '2026-03-28 15:38:28', '11', 'LOGIN_SUCCESS', '{"user_id":11}', '::1', 'Mozilla/5.0 (Windows NT 10.0; Win64; x64) AppleWebKit/537.36 (KHTML, like Gecko) Chrome/146.0.0.0 Safari/537.36'),
	(63, '2026-03-30 13:09:02', 'system', 'LOGIN_FAILED', '{"user_id":"yclaude"}', '::1', 'Mozilla/5.0 (Windows NT 10.0; Win64; x64) AppleWebKit/537.36 (KHTML, like Gecko) Chrome/146.0.0.0 Safari/537.36 Edg/146.0.0.0'),
	(64, '2026-03-30 13:09:10', 'system', 'LOGIN_SUCCESS', '{"user_id":11}', '::1', 'Mozilla/5.0 (Windows NT 10.0; Win64; x64) AppleWebKit/537.36 (KHTML, like Gecko) Chrome/146.0.0.0 Safari/537.36 Edg/146.0.0.0'),
	(65, '2026-03-30 13:28:26', '11', 'LOGIN_SUCCESS', '{"user_id":11}', '::1', 'Mozilla/5.0 (Windows NT 10.0; Win64; x64) AppleWebKit/537.36 (KHTML, like Gecko) Chrome/146.0.0.0 Safari/537.36 Edg/146.0.0.0'),
	(66, '2026-03-30 13:29:02', '11', 'LOGIN_SUCCESS', '{"user_id":2}', '::1', 'Mozilla/5.0 (Windows NT 10.0; Win64; x64) AppleWebKit/537.36 (KHTML, like Gecko) Chrome/146.0.0.0 Safari/537.36 Edg/146.0.0.0'),
	(67, '2026-03-30 13:29:03', '11', 'ADMIN_PAGE_ACCESS', '{"page":"admin_dashboard"}', '::1', 'Mozilla/5.0 (Windows NT 10.0; Win64; x64) AppleWebKit/537.36 (KHTML, like Gecko) Chrome/146.0.0.0 Safari/537.36 Edg/146.0.0.0'),
	(68, '2026-03-30 13:29:03', '11', 'ADMIN_SESSION_ACTIVE', '{"user_id":2,"role":"Admin","department":"ICT"}', '::1', 'Mozilla/5.0 (Windows NT 10.0; Win64; x64) AppleWebKit/537.36 (KHTML, like Gecko) Chrome/146.0.0.0 Safari/537.36 Edg/146.0.0.0'),
	(69, '2026-03-30 13:34:18', '11', 'LOGIN_SUCCESS', '{"user_id":2}', '::1', 'Mozilla/5.0 (Windows NT 10.0; Win64; x64) AppleWebKit/537.36 (KHTML, like Gecko) Chrome/146.0.0.0 Safari/537.36 Edg/146.0.0.0'),
	(70, '2026-03-30 13:37:57', '11', 'LOGIN_SUCCESS', '{"user_id":2}', '::1', 'Mozilla/5.0 (Windows NT 10.0; Win64; x64) AppleWebKit/537.36 (KHTML, like Gecko) Chrome/146.0.0.0 Safari/537.36 Edg/146.0.0.0'),
	(71, '2026-03-30 14:01:30', '11', 'ADMIN_PAGE_ACCESS', '{"page":"admin_dashboard"}', '::1', 'Mozilla/5.0 (Windows NT 10.0; Win64; x64) AppleWebKit/537.36 (KHTML, like Gecko) Chrome/146.0.0.0 Safari/537.36 Edg/146.0.0.0'),
	(72, '2026-03-30 14:01:30', '11', 'ADMIN_SESSION_ACTIVE', '{"user_id":2,"role":"Admin","department":"ICT"}', '::1', 'Mozilla/5.0 (Windows NT 10.0; Win64; x64) AppleWebKit/537.36 (KHTML, like Gecko) Chrome/146.0.0.0 Safari/537.36 Edg/146.0.0.0'),
	(73, '2026-03-30 14:12:00', '11', 'ADMIN_PAGE_ACCESS', '{"page":"admin_dashboard"}', '::1', 'Mozilla/5.0 (Windows NT 10.0; Win64; x64) AppleWebKit/537.36 (KHTML, like Gecko) Chrome/146.0.0.0 Safari/537.36 Edg/146.0.0.0'),
	(74, '2026-03-30 14:12:00', '11', 'ADMIN_SESSION_ACTIVE', '{"user_id":2,"role":"Admin","department":"ICT"}', '::1', 'Mozilla/5.0 (Windows NT 10.0; Win64; x64) AppleWebKit/537.36 (KHTML, like Gecko) Chrome/146.0.0.0 Safari/537.36 Edg/146.0.0.0'),
	(75, '2026-03-30 15:00:34', 'EMP001', 'test_action', '{"test_param":"test_value","session_user":"test_admin","log_timestamp":"2026-03-30 15:00:34","action_category":"other"}', 'unknown', 'unknown'),
	(76, '2026-03-30 15:00:34', 'EMP001', 'USER_CREATED', '{"user_id":"test_admin","target_user_id":"EMP002","additional_info":"test creation","session_user":"test_admin","log_timestamp":"2026-03-30 15:00:34","action_category":"other"}', 'unknown', 'unknown'),
	(77, '2026-03-30 15:00:35', 'EMP001', 'ADMIN_DEPARTMENT_CREATED', '{"department_id":1,"department_info":"test department","session_user":"test_admin","log_timestamp":"2026-03-30 15:00:35","action_category":"other"}', 'unknown', 'unknown'),
	(78, '2026-03-30 15:01:04', 'EMP001', 'test_action', '{"test_param":"test_value","session_user":"test_admin","log_timestamp":"2026-03-30 15:01:04","action_category":"other"}', 'unknown', 'unknown'),
	(79, '2026-03-30 15:01:04', 'EMP001', 'USER_CREATED', '{"user_id":"test_admin","target_user_id":"EMP002","additional_info":"test creation","session_user":"test_admin","log_timestamp":"2026-03-30 15:01:04","action_category":"other"}', 'unknown', 'unknown'),
	(80, '2026-03-30 15:01:04', 'EMP001', 'ADMIN_DEPARTMENT_CREATED', '{"department_id":1,"department_info":"test department","session_user":"test_admin","log_timestamp":"2026-03-30 15:01:04","action_category":"other"}', 'unknown', 'unknown'),
	(81, '2026-03-30 15:01:50', 'EMP001', 'test_action', '{"test_param":"test_value","session_user":"test_admin","log_timestamp":"2026-03-30 15:01:50","action_category":"other"}', 'unknown', 'unknown'),
	(82, '2026-03-30 15:01:50', 'EMP001', 'USER_CREATED', '{"user_id":"test_admin","target_user_id":"EMP002","additional_info":"test creation","session_user":"test_admin","log_timestamp":"2026-03-30 15:01:50","action_category":"other"}', 'unknown', 'unknown'),
	(83, '2026-03-30 15:01:50', 'EMP001', 'ADMIN_DEPARTMENT_CREATED', '{"department_id":1,"department_info":"test department","session_user":"test_admin","log_timestamp":"2026-03-30 15:01:50","action_category":"other"}', 'unknown', 'unknown'),
	(84, '2026-03-30 15:05:55', '11', 'LOGIN_SUCCESS', '{"user_id":2,"session_user":2,"page_url":"\\/account%20opening\\/index","log_timestamp":"2026-03-30 15:05:55","action_category":"other"}', '::1', 'Mozilla/5.0 (Windows NT 10.0; Win64; x64) AppleWebKit/537.36 (KHTML, like Gecko) Chrome/146.0.0.0 Safari/537.36 Edg/146.0.0.0'),
	(85, '2026-03-30 15:05:55', '11', 'ADMIN_PAGE_ACCESS', '{"page":"admin_dashboard","session_user":2,"page_url":"\\/account%20opening\\/admin\\/index","log_timestamp":"2026-03-30 15:05:55","action_category":"other"}', '::1', 'Mozilla/5.0 (Windows NT 10.0; Win64; x64) AppleWebKit/537.36 (KHTML, like Gecko) Chrome/146.0.0.0 Safari/537.36 Edg/146.0.0.0'),
	(86, '2026-03-30 15:05:55', '11', 'ADMIN_SESSION_ACTIVE', '{"user_id":2,"role":"Admin","department":"ICT","session_user":2,"page_url":"\\/account%20opening\\/admin\\/index","log_timestamp":"2026-03-30 15:05:55","action_category":"other"}', '::1', 'Mozilla/5.0 (Windows NT 10.0; Win64; x64) AppleWebKit/537.36 (KHTML, like Gecko) Chrome/146.0.0.0 Safari/537.36 Edg/146.0.0.0'),
	(87, '2026-03-30 16:26:10', '11', 'LOGIN_SUCCESS', '{"user_id":2,"session_user":2,"page_url":"\\/account%20opening\\/index","log_timestamp":"2026-03-30 16:26:10","action_category":"other"}', '::1', 'Mozilla/5.0 (Windows NT 10.0; Win64; x64) AppleWebKit/537.36 (KHTML, like Gecko) Chrome/146.0.0.0 Safari/537.36 Edg/146.0.0.0'),
	(88, '2026-03-30 16:26:15', 'system', 'LOGIN_SUCCESS', '{"user_id":2,"session_user":2,"page_url":"\\/account%20opening\\/index.php","log_timestamp":"2026-03-30 16:26:15","action_category":"other"}', '::1', 'Mozilla/5.0 (Windows NT 10.0; Win64; x64) AppleWebKit/537.36 (KHTML, like Gecko) Chrome/146.0.0.0 Safari/537.36 Edg/146.0.0.0'),
	(89, '2026-03-30 16:26:16', '2', 'ADMIN_PAGE_ACCESS', '{"page":"admin_dashboard","session_user":2,"page_url":"\\/account%20opening\\/admin\\/index","log_timestamp":"2026-03-30 16:26:16","action_category":"other"}', '::1', 'Mozilla/5.0 (Windows NT 10.0; Win64; x64) AppleWebKit/537.36 (KHTML, like Gecko) Chrome/146.0.0.0 Safari/537.36 Edg/146.0.0.0'),
	(90, '2026-03-30 16:26:16', '2', 'ADMIN_SESSION_ACTIVE', '{"user_id":2,"role":"Admin","department":"ICT","session_user":2,"page_url":"\\/account%20opening\\/admin\\/index","log_timestamp":"2026-03-30 16:26:16","action_category":"other"}', '::1', 'Mozilla/5.0 (Windows NT 10.0; Win64; x64) AppleWebKit/537.36 (KHTML, like Gecko) Chrome/146.0.0.0 Safari/537.36 Edg/146.0.0.0');

-- Dumping structure for table accountopening_db.chequier_status
CREATE TABLE IF NOT EXISTS `chequier_status` (
  `id` int NOT NULL AUTO_INCREMENT,
  `request_id` int NOT NULL,
  `status` varchar(100) NOT NULL,
  `changed_by` int DEFAULT NULL,
  `changed_at` datetime NOT NULL DEFAULT CURRENT_TIMESTAMP,
  PRIMARY KEY (`id`),
  KEY `request_id` (`request_id`)
) ENGINE=InnoDB AUTO_INCREMENT=7 DEFAULT CHARSET=utf8mb4 COLLATE=utf8mb4_0900_ai_ci;

-- Dumping data for table accountopening_db.chequier_status: ~6 rows (approximately)
INSERT INTO `chequier_status` (`id`, `request_id`, `status`, `changed_by`, `changed_at`) VALUES
	(1, 1, 'Reçu', NULL, '2026-03-25 18:55:42'),
	(2, 1, 'Prestataire', NULL, '2026-03-25 18:56:03'),
	(3, 1, 'Reçu', NULL, '2026-03-25 18:56:45'),
	(4, 1, 'Reçu', NULL, '2026-03-25 19:08:19'),
	(5, 1, 'Prestataire', NULL, '2026-03-25 19:09:20'),
	(6, 1, 'Livré', NULL, '2026-03-25 19:09:24');

-- Dumping structure for table accountopening_db.customers
CREATE TABLE IF NOT EXISTS `customers` (
  `id` int NOT NULL AUTO_INCREMENT,
  `customer_id` varchar(128) DEFAULT NULL,
  `title` varchar(20) DEFAULT NULL,
  `gender` varchar(20) DEFAULT NULL,
  `first_name` varchar(128) DEFAULT NULL,
  `middle_name` varchar(128) DEFAULT NULL,
  `last_name` varchar(128) DEFAULT NULL,
  `father_name` varchar(128) DEFAULT NULL,
  `mother_name` varchar(128) DEFAULT NULL,
  `date_of_birth` date DEFAULT NULL,
  `place_of_birth` varchar(128) DEFAULT NULL,
  `nationality` varchar(64) DEFAULT NULL,
  `residence_country` varchar(64) DEFAULT NULL,
  `id_type` varchar(64) DEFAULT NULL,
  `id_number` varchar(64) DEFAULT NULL,
  `id_issue_date` date DEFAULT NULL,
  `id_expiry_date` date DEFAULT NULL,
  `created_at` timestamp NULL DEFAULT CURRENT_TIMESTAMP,
  `updated_at` timestamp NULL DEFAULT CURRENT_TIMESTAMP ON UPDATE CURRENT_TIMESTAMP,
  PRIMARY KEY (`id`),
  UNIQUE KEY `customer_id` (`customer_id`),
  KEY `idx_customer_id` (`customer_id`),
  KEY `idx_names` (`first_name`,`last_name`),
  KEY `idx_id_number` (`id_number`)
) ENGINE=InnoDB AUTO_INCREMENT=3 DEFAULT CHARSET=utf8mb4 COLLATE=utf8mb4_0900_ai_ci;

-- Dumping data for table accountopening_db.customers: ~0 rows (approximately)

-- Dumping structure for table accountopening_db.customer_addresses
CREATE TABLE IF NOT EXISTS `customer_addresses` (
  `id` int NOT NULL AUTO_INCREMENT,
  `customer_id` int NOT NULL,
  `address_type` enum('primary','secondary') DEFAULT 'primary',
  `address` varchar(255) DEFAULT NULL,
  `city` varchar(128) DEFAULT NULL,
  `postal_code` varchar(64) DEFAULT NULL,
  `bp` varchar(64) DEFAULT NULL,
  `country` varchar(64) DEFAULT NULL,
  `created_at` timestamp NULL DEFAULT CURRENT_TIMESTAMP,
  PRIMARY KEY (`id`),
  KEY `idx_customer_address` (`customer_id`,`address_type`),
  CONSTRAINT `customer_addresses_ibfk_1` FOREIGN KEY (`customer_id`) REFERENCES `customers` (`id`) ON DELETE CASCADE
) ENGINE=InnoDB DEFAULT CHARSET=utf8mb4 COLLATE=utf8mb4_0900_ai_ci;

-- Dumping data for table accountopening_db.customer_addresses: ~0 rows (approximately)

-- Dumping structure for table accountopening_db.customer_contacts
CREATE TABLE IF NOT EXISTS `customer_contacts` (
  `id` int NOT NULL AUTO_INCREMENT,
  `customer_id` int NOT NULL,
  `contact_type` enum('telephone','mobile','email') NOT NULL,
  `contact_value` varchar(128) NOT NULL,
  `is_primary` tinyint(1) DEFAULT '0',
  `created_at` timestamp NULL DEFAULT CURRENT_TIMESTAMP,
  PRIMARY KEY (`id`),
  UNIQUE KEY `unique_primary` (`customer_id`,`contact_type`,`is_primary`),
  KEY `idx_customer_contact` (`customer_id`,`contact_type`),
  CONSTRAINT `customer_contacts_ibfk_1` FOREIGN KEY (`customer_id`) REFERENCES `customers` (`id`) ON DELETE CASCADE
) ENGINE=InnoDB AUTO_INCREMENT=7 DEFAULT CHARSET=utf8mb4 COLLATE=utf8mb4_0900_ai_ci;

-- Dumping data for table accountopening_db.customer_contacts: ~2 rows (approximately)

-- Dumping structure for table accountopening_db.customer_employment
CREATE TABLE IF NOT EXISTS `customer_employment` (
  `id` int NOT NULL AUTO_INCREMENT,
  `customer_id` int NOT NULL,
  `employment_type` varchar(128) DEFAULT NULL,
  `employer_name` varchar(128) DEFAULT NULL,
  `occupation` varchar(128) DEFAULT NULL,
  `industry` varchar(128) DEFAULT NULL,
  `gross_income_range` varchar(128) DEFAULT NULL,
  `business_name` varchar(255) DEFAULT NULL,
  `business_registration` varchar(255) DEFAULT NULL,
  `business_kra_pin` varchar(128) DEFAULT NULL,
  `business_nature` varchar(128) DEFAULT NULL,
  `turnover_range` varchar(128) DEFAULT NULL,
  `institution_name` varchar(255) DEFAULT NULL,
  `student_id` varchar(128) DEFAULT NULL,
  `created_at` timestamp NULL DEFAULT CURRENT_TIMESTAMP,
  `updated_at` timestamp NULL DEFAULT CURRENT_TIMESTAMP ON UPDATE CURRENT_TIMESTAMP,
  PRIMARY KEY (`id`),
  KEY `idx_customer_employment` (`customer_id`),
  CONSTRAINT `customer_employment_ibfk_1` FOREIGN KEY (`customer_id`) REFERENCES `customers` (`id`) ON DELETE CASCADE
) ENGINE=InnoDB AUTO_INCREMENT=3 DEFAULT CHARSET=utf8mb4 COLLATE=utf8mb4_0900_ai_ci;

-- Dumping data for table accountopening_db.customer_employment: ~0 rows (approximately)

-- Dumping structure for table accountopening_db.ecobank_form_submissions
CREATE TABLE IF NOT EXISTS `ecobank_form_submissions` (
  `id` int NOT NULL AUTO_INCREMENT,
  `customer_id` varchar(128) DEFAULT NULL,
  `emp_id` int DEFAULT NULL,
  `created_at` datetime DEFAULT CURRENT_TIMESTAMP,
  `account_number` varchar(128) DEFAULT NULL,
  `customer_name` varchar(255) DEFAULT NULL,
  `mobile` varchar(64) DEFAULT NULL,
  `email` varchar(128) DEFAULT NULL,
  `first_name` varchar(128) DEFAULT NULL,
  `middle_name` varchar(128) DEFAULT NULL,
  `last_name` varchar(128) DEFAULT NULL,
  `date_of_birth` date DEFAULT NULL,
  `id_number` varchar(64) DEFAULT NULL,
  `id_issue_date` date DEFAULT NULL,
  `id_expiry_date` date DEFAULT NULL,
  `nationality` varchar(64) DEFAULT NULL,
  `residence_country` varchar(64) DEFAULT NULL,
  `telephone` varchar(64) DEFAULT NULL,
  `telephone2` varchar(64) DEFAULT NULL,
  `employer_name` varchar(128) DEFAULT NULL,
  `branch_code` varchar(64) DEFAULT NULL,
  `account_officer` varchar(128) DEFAULT NULL,
  `approved_by` varchar(128) DEFAULT NULL,
  `account_type` varchar(255) CHARACTER SET utf8mb4 COLLATE utf8mb4_0900_ai_ci DEFAULT NULL,
  `account_purpose` varchar(128) DEFAULT NULL,
  `currency` varchar(64) DEFAULT NULL,
  `services` text,
  `title` varchar(20) DEFAULT NULL,
  `gender` varchar(20) DEFAULT NULL,
  `father_name` varchar(128) DEFAULT NULL,
  `father_name2` varchar(128) DEFAULT NULL,
  `mother_name` varchar(128) DEFAULT NULL,
  `mother_name2` varchar(128) DEFAULT NULL,
  `pob` varchar(128) DEFAULT NULL,
  `id_type` varchar(64) DEFAULT NULL,
  `address` varchar(255) DEFAULT NULL,
  `city` varchar(128) DEFAULT NULL,
  `postal_code` varchar(64) DEFAULT NULL,
  `bp` varchar(64) DEFAULT NULL,
  `employment_type` varchar(128) DEFAULT NULL,
  `salaried_terms` varchar(128) DEFAULT NULL,
  `salaried_occupation` varchar(128) DEFAULT NULL,
  `salaried_industry` varchar(128) DEFAULT NULL,
  `gross_income_range` varchar(128) DEFAULT NULL,
  `business_name` varchar(255) DEFAULT NULL,
  `business_registration` varchar(255) DEFAULT NULL,
  `business_kra_pin` varchar(128) DEFAULT NULL,
  `business_nature` varchar(128) DEFAULT NULL,
  `turnover_range` varchar(128) DEFAULT NULL,
  `institution_name` varchar(255) DEFAULT NULL,
  `student_id` varchar(128) DEFAULT NULL,
  `client_fingerprint` varchar(255) DEFAULT NULL,
  `magistrat_name` varchar(255) DEFAULT NULL,
  `agent_name` varchar(255) DEFAULT NULL,
  `emergency_contact_name` varchar(255) DEFAULT NULL,
  `account_handler` varchar(128) DEFAULT NULL,
  `approved_signature` text,
  `tax_registration` varchar(64) DEFAULT NULL,
  `bank_account_number` varchar(128) DEFAULT NULL,
  `json_snapshot` longtext,
  PRIMARY KEY (`id`),
  KEY `idx_ecobank_account_number` (`account_number`),
  KEY `idx_ecobank_customer_name` (`customer_name`),
  KEY `idx_ecobank_mobile` (`mobile`),
  KEY `idx_ecobank_email` (`email`)
) ENGINE=InnoDB AUTO_INCREMENT=35 DEFAULT CHARSET=utf8mb4 COLLATE=utf8mb4_0900_ai_ci;

-- Dumping data for table accountopening_db.ecobank_form_submissions: ~15 rows (approximately)
INSERT INTO `ecobank_form_submissions` (`id`, `customer_id`, `emp_id`, `created_at`, `account_number`, `customer_name`, `mobile`, `email`, `first_name`, `middle_name`, `last_name`, `date_of_birth`, `id_number`, `id_issue_date`, `id_expiry_date`, `nationality`, `residence_country`, `telephone`, `telephone2`, `employer_name`, `branch_code`, `account_officer`, `approved_by`, `account_type`, `account_purpose`, `currency`, `services`, `title`, `gender`, `father_name`, `father_name2`, `mother_name`, `mother_name2`, `pob`, `id_type`, `address`, `city`, `postal_code`, `bp`, `employment_type`, `salaried_terms`, `salaried_occupation`, `salaried_industry`, `gross_income_range`, `business_name`, `business_registration`, `business_kra_pin`, `business_nature`, `turnover_range`, `institution_name`, `student_id`, `client_fingerprint`, `magistrat_name`, `agent_name`, `emergency_contact_name`, `account_handler`, `approved_signature`, `tax_registration`, `bank_account_number`, `json_snapshot`) VALUES
	(3, 'NNN', 17, '2025-12-18 15:28:24', 'NNN', 'User X', '0700000000', 'test@example.com', 'User', 'X', NULL, '1998-11-10', '12345678', '2025-11-11', '2030-11-11', 'Congolaise', 'Congo', '0700000000', NULL, 'EAD', NULL, NULL, NULL, 'Compte épargne', NULL, NULL, NULL, 'M.', 'Masculin', 'Claude Exaucé Firmin', NULL, 'YOKA MOSSA', NULL, 'Brazzaville', NULL, NULL, NULL, NULL, NULL, NULL, NULL, NULL, NULL, NULL, NULL, NULL, NULL, NULL, NULL, NULL, NULL, NULL, NULL, NULL, NULL, NULL, NULL, NULL, NULL, NULL),
	(4, 'NNN', NULL, '2025-12-18 15:29:28', 'NNN', 'User X', '0700000000', 'test@example.com', 'User', 'X', NULL, '1998-11-10', '12345678', '2025-11-11', '2030-11-11', 'Congolaise', 'Congo', '0700000000', NULL, 'EAD', NULL, NULL, NULL, 'Compte courant', NULL, NULL, NULL, 'M.', 'Masculin', 'Claude Exaucé Firmin', NULL, 'YOKA MOSSA', NULL, 'Brazzaville', NULL, NULL, NULL, NULL, NULL, NULL, NULL, NULL, NULL, NULL, NULL, NULL, NULL, NULL, NULL, NULL, NULL, NULL, NULL, NULL, NULL, NULL, NULL, NULL, NULL, NULL),
	(6, 'NNN', NULL, '2025-12-18 16:56:21', 'NNN', 'dgracia X lombila', '0700000000', 'test@example.com', 'dgracia', 'X', 'lombila', '1998-11-10', '12345678', '2025-11-11', '2030-11-11', 'Congolaise', 'Congo', '0700000000', NULL, 'EAD', NULL, NULL, NULL, 'Compte courant', 'Salaire', 'Franc CFA (XAF)', NULL, 'M.', 'Masculin', 'Claude Exaucé Firmin', NULL, 'YOKA MOSSA', NULL, 'Brazzaville', NULL, NULL, NULL, NULL, NULL, 'Salarié', 'Contrat', NULL, NULL, 'Inférieur à 150 000 FCFA | 150 000 – 500 000 FCFA', NULL, NULL, NULL, NULL, NULL, NULL, NULL, NULL, NULL, NULL, NULL, NULL, NULL, NULL, NULL, NULL),
	(7, 'NNN', NULL, '2025-12-19 08:59:55', 'NNN', 'franck gad Test', '0700000000', 'test@example.com', 'franck', 'gad', 'Test', '1998-11-10', '12345678', '2025-11-11', '2030-11-11', 'Congolaise', 'Congo', '0700000000', NULL, 'EAD', NULL, NULL, NULL, 'Compte courant', 'Salaire', 'Franc CFA (XAF)', NULL, 'M.', 'Masculin', 'Claude Exaucé Firmin', NULL, 'YOKA MOSSA', NULL, 'Brazzaville', NULL, NULL, NULL, NULL, NULL, 'Salarié', 'Contrat', NULL, NULL, '150 000 – 500 000 FCFA', NULL, NULL, NULL, NULL, NULL, NULL, NULL, NULL, NULL, NULL, NULL, NULL, NULL, NULL, NULL, NULL),
	(8, 'NNN', NULL, '2025-12-19 09:28:01', '37150000001', 'Test gad Test', '0700000000', 'test@example.com', 'Test', 'gad', 'Test', '1998-11-10', '12345678', '2025-11-11', '2030-11-11', 'Congolaise', 'Congo', '0700000000', NULL, 'EAD', NULL, NULL, NULL, 'Compte épargne', 'Salaire', 'Franc CFA (XAF)', NULL, 'M.', 'Masculin', 'Claude Exaucé Firmin', NULL, 'YOKA MOSSA', NULL, 'Brazzaville', NULL, NULL, NULL, NULL, NULL, 'Salarié', NULL, NULL, NULL, '150 000 – 500 000 FCFA', NULL, NULL, NULL, NULL, NULL, NULL, NULL, NULL, NULL, NULL, NULL, NULL, NULL, NULL, NULL, NULL),
	(10, '99988877766', 17, '2025-12-19 09:52:41', '99988877766', 'Test T Utilisateur', NULL, 'test.user+save@example.com', 'Test', 'T', 'Utilisateur', NULL, NULL, NULL, NULL, NULL, NULL, NULL, NULL, NULL, NULL, NULL, NULL, 'Compte épargne', 'Salaire', NULL, NULL, NULL, NULL, NULL, NULL, NULL, NULL, NULL, NULL, NULL, NULL, NULL, NULL, NULL, NULL, NULL, NULL, NULL, NULL, NULL, NULL, NULL, NULL, NULL, NULL, NULL, NULL, NULL, NULL, NULL, NULL, NULL, NULL, NULL),
	(12, 'NNN', 11, '2025-12-19 10:53:46', '37150000008', 'Oliveira gad YOKA MOSSA', '0700000000', 'test@example.com', 'Oliveira', 'gad', 'YOKA MOSSA', '1989-12-10', '09876543', '2020-02-11', '2025-02-11', 'Congolaise', 'Congo', '0700000000', '069773075', 'EAD', NULL, NULL, NULL, 'Compte courant', 'Salaire', 'Franc CFA (XAF)', NULL, 'M.', 'Masculin', 'Claude Exaucé Firmin', NULL, 'YOKA MOSSA', NULL, 'Brazzaville', NULL, NULL, NULL, NULL, NULL, 'Salarié', 'CDI', NULL, NULL, '150 000 – 500 000 FCFA', NULL, NULL, NULL, NULL, NULL, NULL, NULL, NULL, NULL, NULL, NULL, NULL, NULL, NULL, NULL, NULL),
	(23, '370015409', 11, '2026-01-20 05:58:38', '37285010116', 'ENCRYPTED DATA1711721 ENCRYPTED DATA1711721', NULL, 'tt@gmail.com', 'ENCRYPTED DATA1711721', NULL, 'ENCRYPTED DATA1711721', NULL, NULL, '2014-01-20', '2029-01-20', 'CG', 'CG', NULL, NULL, NULL, 'T31', NULL, NULL, 'Compte courant', 'Salaire', 'Franc CFA (XAF)', NULL, 'M.', NULL, 'test p', NULL, 'test m', NULL, NULL, NULL, NULL, NULL, '1234', NULL, NULL, NULL, NULL, NULL, NULL, NULL, NULL, NULL, NULL, NULL, NULL, NULL, NULL, NULL, NULL, NULL, NULL, NULL, NULL, NULL, NULL),
	(24, '370003189', 11, '2026-01-23 18:37:23', '37220026306', 'ENCRYPTED DATA2874512 ENCRYPTED DATA2874512', '069773075', 'test@gmail.com', 'ENCRYPTED DATA2874512', NULL, 'ENCRYPTED DATA2874512', '2000-01-01', 'BZV01225', '2019-01-23', '2028-01-23', 'CG', 'CG', '069773075', NULL, 'TEST', 'T32', 'Yoka Mossa Claude', NULL, 'Compte courant', 'Salaire', 'Franc CFA (XAF)', NULL, 'M.', 'Masculin', 'TEST', NULL, 'TEST', NULL, 'TEST', NULL, NULL, NULL, '442', NULL, NULL, NULL, NULL, 'OR', NULL, NULL, NULL, NULL, NULL, NULL, NULL, NULL, NULL, NULL, NULL, NULL, NULL, NULL, NULL, NULL, NULL),
	(25, '370069150', 11, '2026-01-24 13:00:21', '37220026310', 'ENCRYPTED DATA2268417 ENCRYPTED DATA2268417', NULL, NULL, 'ENCRYPTED DATA2268417', NULL, 'ENCRYPTED DATA2268417', NULL, NULL, NULL, NULL, 'CG', 'CG', NULL, NULL, 'test', 'T32', 'Yoka Mossa Claude', NULL, 'Compte courant', 'Salaire', 'Franc CFA (XAF)', NULL, 'M.', 'Masculin', NULL, NULL, NULL, NULL, NULL, NULL, NULL, NULL, NULL, NULL, NULL, NULL, 'test', 'test', NULL, 'test', 'test', 'test', 'test', NULL, NULL, NULL, NULL, NULL, NULL, NULL, NULL, NULL, NULL, NULL, NULL),
	(26, '370062187', 11, '2026-01-24 13:14:40', '37220026314', 'ENCRYPTED DATA1615826 ENCRYPTED DATA1615826', NULL, 'test@gmail.com', 'ENCRYPTED DATA1615826', NULL, 'ENCRYPTED DATA1615826', '2000-01-01', 'BZV01225', '2019-01-23', '2028-01-23', 'CG', 'CG', NULL, NULL, 'test', 'T32', 'Yoka Mossa Claude', NULL, 'Compte courant', 'Salaire', 'Franc CFA (XAF)', NULL, NULL, NULL, 'TEST', NULL, 'TEST', NULL, 'TEST', NULL, NULL, NULL, '442', NULL, 'Salarié | Entreprise', 'CDI', 'test', 'test', 'Supérieur à 500 000 FCFA', 'test s', 'test j', 'test R', NULL, '500 000 – 1 million FCFA', NULL, NULL, NULL, NULL, NULL, NULL, NULL, NULL, NULL, NULL, NULL),
	(27, '370005174', 11, '2026-01-27 11:32:01', '37220025710', 'ENCRYPTED DATA462178 ENCRYPTED DATA462178', '069773030', 'test@gmail.com', 'ENCRYPTED DATA462178', NULL, 'ENCRYPTED DATA462178', '2000-01-01', 'BZV01225', '2019-01-23', '2028-01-23', 'CG', 'CG', '069773030', NULL, 'AGL', 'T32', 'Yoka Mossa Claude', NULL, 'Compte épargne', 'Salaire', 'Franc CFA (XAF)', NULL, NULL, NULL, 'TEST', NULL, 'TEST', NULL, 'TEST', NULL, NULL, NULL, '442', NULL, 'Salarié', 'Contrat', NULL, NULL, 'Supérieur à 500 000 FCFA', NULL, NULL, NULL, NULL, NULL, NULL, NULL, NULL, NULL, NULL, NULL, NULL, NULL, NULL, NULL, NULL),
	(28, '370011989', 11, '2026-01-27 12:00:28', '37220026315', 'ENCRYPTED DATA726915 ENCRYPTED DATA726915', NULL, 'test@gmail.com', 'ENCRYPTED DATA726915', NULL, 'ENCRYPTED DATA726915', '2000-01-01', 'BZV01225', '2019-01-23', '2028-01-23', 'CG', 'CG', NULL, NULL, NULL, 'T32', 'Yoka Mossa Claude', NULL, 'Compte courant', 'Salaire', 'Franc CFA (XAF)', NULL, NULL, NULL, 'TEST', NULL, 'TEST', NULL, 'TEST', NULL, NULL, NULL, '442', NULL, 'Entreprise', NULL, NULL, NULL, NULL, '10000000', 'SARL', '6060', NULL, 'Supérieur à 1 million FCFA', NULL, NULL, NULL, NULL, NULL, NULL, NULL, NULL, NULL, NULL, NULL),
	(30, '370015221', 11, '2026-01-28 09:07:15', '37285009468', 'ENCRYPTED DATA855476 ENCRYPTED DATA855476', NULL, NULL, 'ENCRYPTED DATA855476', NULL, 'ENCRYPTED DATA855476', NULL, NULL, NULL, NULL, 'CG', 'CG', NULL, NULL, NULL, 'T31', 'Yoka Mossa Claude', NULL, 'Compte courant', 'Salaire', 'Franc CFA (XAF)', NULL, NULL, 'Masculin', NULL, NULL, NULL, NULL, NULL, NULL, NULL, NULL, NULL, NULL, 'Salarié', NULL, NULL, NULL, NULL, NULL, NULL, NULL, NULL, NULL, NULL, NULL, NULL, NULL, NULL, NULL, NULL, NULL, NULL, NULL, NULL),
	(32, '370030011', 11, '2026-03-26 19:23:22', '37155009482', 'ENCRYPTED DATA3226495 gad YOKA ENCRYPTED DATA3226495', '069773030', 'test@gmail.com', 'ENCRYPTED DATA3226495', 'gad YOKA', 'ENCRYPTED DATA3226495', '1990-01-06', 'BZV01225', '2020-01-06', '2027-01-06', 'CG', 'CG', '069773030', NULL, 'AGL', 'T31', 'Yoka Mossa Claude', NULL, 'Compte courant', 'Salaire', 'Franc CFA (XAF)', NULL, 'M.', 'Masculin', 'testZ', NULL, 'testO', NULL, NULL, NULL, NULL, NULL, NULL, NULL, 'Salarié', 'Contrat', NULL, NULL, '150 000 – 500 000 FCFA', NULL, NULL, NULL, NULL, NULL, NULL, NULL, NULL, NULL, NULL, NULL, NULL, NULL, NULL, NULL, NULL),
	(33, '370098915', 11, '2026-03-26 19:53:29', '37220025707', 'ENCRYPTED DATA1746374 gad YOKA ENCRYPTED DATA1746374', '069773030', 'test@gmail.com', 'ENCRYPTED DATA1746374', 'gad YOKA', 'ENCRYPTED DATA1746374', '1990-01-26', '12345678', '2024-01-01', '2029-01-01', 'CG', 'CG', '069773030', NULL, 'TEST', 'T32', 'Yoka Mossa Claude', NULL, 'Compte épargne', 'Salaire', 'Franc CFA (XAF)', NULL, 'M.', 'Masculin', 'MOSSA', NULL, 'MOSSA', NULL, NULL, NULL, NULL, NULL, NULL, NULL, 'Salarié', NULL, 'test', NULL, 'Supérieur à 500 000 FCFA', NULL, NULL, NULL, NULL, NULL, NULL, NULL, NULL, NULL, NULL, '31', NULL, NULL, NULL, NULL, NULL),
	(34, '370058205', 11, '2026-03-27 12:37:28', '37285009480', 'ENCRYPTED DATA926612 ROG YOKA ENCRYPTED DATA926612', '069773030', 'test@gmail.com', 'ENCRYPTED DATA926612', 'ROG YOKA', 'ENCRYPTED DATA926612', '1990-01-06', 'BZV01225', '2020-01-06', '2027-01-06', 'CG', 'CG', '069773030', NULL, 'AGL', 'T33', 'Yoka Mossa Claude', NULL, 'Compte entreprise', 'Salaire', 'Franc CFA (XAF)', NULL, 'M.', 'Masculin', 'testZ', NULL, 'testO', NULL, NULL, NULL, NULL, NULL, NULL, NULL, 'Salarié', 'CDI', 'test', NULL, 'Supérieur à 500 000 FCFA', NULL, NULL, NULL, NULL, NULL, 'AGL', NULL, NULL, NULL, NULL, NULL, NULL, NULL, NULL, NULL, NULL);

-- Dumping structure for table accountopening_db.emergency_contacts
CREATE TABLE IF NOT EXISTS `emergency_contacts` (
  `id` int NOT NULL AUTO_INCREMENT,
  `customer_id` int NOT NULL,
  `contact_name` varchar(255) DEFAULT NULL,
  `relationship` varchar(128) DEFAULT NULL,
  `contact_info` varchar(255) DEFAULT NULL,
  `created_at` timestamp NULL DEFAULT CURRENT_TIMESTAMP,
  PRIMARY KEY (`id`),
  KEY `idx_customer_emergency` (`customer_id`),
  CONSTRAINT `emergency_contacts_ibfk_1` FOREIGN KEY (`customer_id`) REFERENCES `customers` (`id`) ON DELETE CASCADE
) ENGINE=InnoDB DEFAULT CHARSET=utf8mb4 COLLATE=utf8mb4_0900_ai_ci;

-- Dumping data for table accountopening_db.emergency_contacts: ~0 rows (approximately)

-- Dumping structure for table accountopening_db.form_submissions
CREATE TABLE IF NOT EXISTS `form_submissions` (
  `id` int NOT NULL AUTO_INCREMENT,
  `submission_id` int NOT NULL,
  `customer_id` int DEFAULT NULL,
  `account_id` int DEFAULT NULL,
  `form_type` varchar(64) DEFAULT 'account_opening',
  `status` enum('draft','submitted','processing','approved','rejected') DEFAULT 'submitted',
  `submitted_by` varchar(128) DEFAULT NULL,
  `submitted_at` timestamp NULL DEFAULT CURRENT_TIMESTAMP,
  `processed_at` timestamp NULL DEFAULT NULL,
  `processed_by` varchar(128) DEFAULT NULL,
  `notes` text,
  `created_at` timestamp NULL DEFAULT CURRENT_TIMESTAMP,
  `updated_at` timestamp NULL DEFAULT CURRENT_TIMESTAMP ON UPDATE CURRENT_TIMESTAMP,
  PRIMARY KEY (`id`),
  KEY `customer_id` (`customer_id`),
  KEY `account_id` (`account_id`),
  KEY `idx_submission_status` (`status`),
  KEY `idx_submitted_by` (`submitted_by`),
  KEY `idx_processed_by` (`processed_by`),
  CONSTRAINT `form_submissions_ibfk_1` FOREIGN KEY (`customer_id`) REFERENCES `customers` (`id`) ON DELETE SET NULL,
  CONSTRAINT `form_submissions_ibfk_2` FOREIGN KEY (`account_id`) REFERENCES `accounts` (`id`) ON DELETE SET NULL
) ENGINE=InnoDB DEFAULT CHARSET=utf8mb4 COLLATE=utf8mb4_0900_ai_ci;

-- Dumping data for table accountopening_db.form_submissions: ~0 rows (approximately)

-- Dumping structure for table accountopening_db.notifications
CREATE TABLE IF NOT EXISTS `notifications` (
  `id` int NOT NULL AUTO_INCREMENT,
  `emp_id` int DEFAULT NULL,
  `message` text,
  `type` varchar(50) DEFAULT NULL,
  `created_at` datetime DEFAULT CURRENT_TIMESTAMP,
  `is_read` tinyint(1) DEFAULT '0',
  PRIMARY KEY (`id`),
  KEY `emp_id` (`emp_id`),
  KEY `created_at` (`created_at`)
) ENGINE=InnoDB DEFAULT CHARSET=utf8mb4 COLLATE=utf8mb4_0900_ai_ci;

-- Dumping data for table accountopening_db.notifications: ~0 rows (approximately)

-- Dumping structure for table accountopening_db.tblagences
CREATE TABLE IF NOT EXISTS `tblagences` (
  `id` int NOT NULL AUTO_INCREMENT,
  `AgenceName` varchar(255) COLLATE utf8mb4_general_ci DEFAULT NULL,
  `AgenceShortName` varchar(50) COLLATE utf8mb4_general_ci DEFAULT NULL,
  `CreationDate` timestamp NULL DEFAULT NULL,
  PRIMARY KEY (`id`)
) ENGINE=InnoDB AUTO_INCREMENT=6 DEFAULT CHARSET=utf8mb4 COLLATE=utf8mb4_general_ci;

-- Dumping data for table accountopening_db.tblagences: ~3 rows (approximately)
INSERT INTO `tblagences` (`id`, `AgenceName`, `AgenceShortName`, `CreationDate`) VALUES
	(1, 'Siège', 'T31', '2026-01-27 11:34:07'),
	(2, 'Lumumba', 'T32', '2026-01-27 11:34:16'),
	(3, 'Atlantic', 'T33', '2026-01-27 11:34:19'),
	(4, 'Poto-Poto', 'T34', '2026-03-16 15:29:04'),
	(5, 'Bacongo', 'T41', '2026-03-16 15:29:06');

-- Dumping structure for table accountopening_db.tblcompte
CREATE TABLE IF NOT EXISTS `tblcompte` (
  `id` int unsigned NOT NULL AUTO_INCREMENT,
  `emp_id` int NOT NULL,
  `firstname` varchar(255) COLLATE utf8mb4_unicode_ci DEFAULT NULL,
  `account_number` varchar(64) CHARACTER SET utf8mb4 COLLATE utf8mb4_unicode_ci DEFAULT NULL,
  `branch_code` varchar(225) CHARACTER SET utf8mb4 COLLATE utf8mb4_unicode_ci DEFAULT NULL,
  `type_compte` varchar(200) COLLATE utf8mb4_unicode_ci DEFAULT NULL,
  `access` text CHARACTER SET utf8mb4 COLLATE utf8mb4_unicode_ci,
  `ident_etud` varchar(255) CHARACTER SET utf8mb4 COLLATE utf8mb4_unicode_ci DEFAULT NULL,
  `email` varchar(255) CHARACTER SET utf8mb4 COLLATE utf8mb4_unicode_ci DEFAULT NULL,
  `mobile1` varchar(50) CHARACTER SET utf8mb4 COLLATE utf8mb4_unicode_ci DEFAULT NULL,
  `nip` varchar(100) CHARACTER SET utf8mb4 COLLATE utf8mb4_unicode_ci DEFAULT NULL,
  `services` text CHARACTER SET utf8mb4 COLLATE utf8mb4_unicode_ci,
  `adr_rue` varchar(255) CHARACTER SET utf8mb4 COLLATE utf8mb4_unicode_ci DEFAULT NULL,
  `etabliss` varchar(255) CHARACTER SET utf8mb4 COLLATE utf8mb4_unicode_ci DEFAULT NULL,
  `devise_pref` varchar(20) CHARACTER SET utf8mb4 COLLATE utf8mb4_unicode_ci DEFAULT NULL,
  `objectif` text CHARACTER SET utf8mb4 COLLATE utf8mb4_unicode_ci,
  `titre` varchar(20) CHARACTER SET utf8mb4 COLLATE utf8mb4_unicode_ci DEFAULT NULL,
  `cond` text CHARACTER SET utf8mb4 COLLATE utf8mb4_unicode_ci,
  `noms` varchar(255) COLLATE utf8mb4_unicode_ci DEFAULT NULL,
  `prenom2` varchar(255) COLLATE utf8mb4_unicode_ci DEFAULT NULL,
  `nationalite` varchar(100) COLLATE utf8mb4_unicode_ci DEFAULT NULL,
  `lieu_naiss` varchar(255) COLLATE utf8mb4_unicode_ci DEFAULT NULL,
  `pays` varchar(100) COLLATE utf8mb4_unicode_ci DEFAULT NULL,
  `dob` date DEFAULT NULL,
  `genre` varchar(10) COLLATE utf8mb4_unicode_ci DEFAULT NULL,
  `situation` varchar(100) COLLATE utf8mb4_unicode_ci DEFAULT NULL,
  `id_type` varchar(255) COLLATE utf8mb4_unicode_ci DEFAULT NULL,
  `id_num` varchar(255) COLLATE utf8mb4_unicode_ci DEFAULT NULL,
  `date_deliv` date DEFAULT NULL,
  `date_exp` date DEFAULT NULL,
  `fiscal_pays` varchar(100) COLLATE utf8mb4_unicode_ci DEFAULT NULL,
  `mobile2` varchar(50) COLLATE utf8mb4_unicode_ci DEFAULT NULL,
  `ville` varchar(100) COLLATE utf8mb4_unicode_ci DEFAULT NULL,
  `adr_pays` varchar(100) COLLATE utf8mb4_unicode_ci DEFAULT NULL,
  `employeur` varchar(255) COLLATE utf8mb4_unicode_ci DEFAULT NULL,
  `revenu` varchar(50) COLLATE utf8mb4_unicode_ci DEFAULT NULL,
  `date_enregistrement` timestamp NOT NULL DEFAULT CURRENT_TIMESTAMP,
  PRIMARY KEY (`id`),
  KEY `emp_id` (`emp_id`)
) ENGINE=InnoDB AUTO_INCREMENT=8 DEFAULT CHARSET=utf8mb4 COLLATE=utf8mb4_unicode_ci;

-- Dumping data for table accountopening_db.tblcompte: ~4 rows (approximately)
INSERT INTO `tblcompte` (`id`, `emp_id`, `firstname`, `account_number`, `branch_code`, `type_compte`, `access`, `ident_etud`, `email`, `mobile1`, `nip`, `services`, `adr_rue`, `etabliss`, `devise_pref`, `objectif`, `titre`, `cond`, `noms`, `prenom2`, `nationalite`, `lieu_naiss`, `pays`, `dob`, `genre`, `situation`, `id_type`, `id_num`, `date_deliv`, `date_exp`, `fiscal_pays`, `mobile2`, `ville`, `adr_pays`, `employeur`, `revenu`, `date_enregistrement`) VALUES
	(1, 11, 'test testP', '37285009468', 'T31', '25', 'Livré', '9067676', 'test@gmail.com', '069773030', '56', 'COURANT', 'TEST address', '1', 'NON', 'OUI', 'OUI', NULL, NULL, NULL, NULL, NULL, NULL, NULL, NULL, NULL, NULL, NULL, NULL, NULL, NULL, NULL, NULL, NULL, NULL, NULL, '2026-03-25 10:00:15'),
	(2, 11, 'test testP', '37220026315', 'T33', '50', 'encours', '9067626', 'test@gmail.com', '068773978', '30014-00008-37610001487-84', 'EPARGNE', 'TEST address', '2', 'OUI', 'NON', 'OUI', NULL, NULL, NULL, NULL, NULL, NULL, NULL, NULL, NULL, NULL, NULL, NULL, NULL, NULL, NULL, NULL, NULL, NULL, NULL, '2026-03-25 10:06:27'),
	(5, 11, 'ERR gad YOKA MOSSA', '37220026308', 'T33', '25', 'encours', '9067605', 'test@gmail.com', '069773030', '30014-00008-37610001487-80', 'COURANT', 'TEST address', '1', '', 'OUI', 'NON', NULL, NULL, NULL, NULL, NULL, NULL, NULL, NULL, NULL, NULL, NULL, NULL, NULL, NULL, NULL, NULL, NULL, NULL, NULL, '2026-03-27 11:43:18'),
	(6, 11, 'ZZ gad YOKA MOSSA', '37415003954', 'T41', '50', 'encours', '9067675', 'test@gmail.com', '069773030', '30014-00003-37285010087-09', 'COURANT', 'TEST address', '1', 'OUI', 'OUI', 'OUI', NULL, NULL, NULL, NULL, NULL, NULL, NULL, NULL, NULL, NULL, NULL, NULL, NULL, NULL, NULL, NULL, NULL, NULL, NULL, '2026-03-27 11:52:03'),
	(7, 11, 'OD gad YOKA MOSSA', '37610001487', 'T33', '25', 'encours', '9067809', 'test@gmail.com', '069773030', '30014-00008-37610001487-29', 'COURANT', 'TEST address', '2', 'OUI', 'NON', 'OUI', NULL, NULL, NULL, NULL, NULL, NULL, NULL, NULL, NULL, NULL, NULL, NULL, NULL, NULL, NULL, NULL, NULL, NULL, NULL, '2026-03-27 18:26:10');

-- Dumping structure for table accountopening_db.tblcompte_account_number_backup
CREATE TABLE IF NOT EXISTS `tblcompte_account_number_backup` (
  `id` int NOT NULL,
  `old_account_number` varchar(64) DEFAULT NULL,
  `backup_at` datetime NOT NULL,
  PRIMARY KEY (`id`)
) ENGINE=InnoDB DEFAULT CHARSET=utf8mb4 COLLATE=utf8mb4_0900_ai_ci;

-- Dumping data for table accountopening_db.tblcompte_account_number_backup: ~0 rows (approximately)

-- Dumping structure for table accountopening_db.tbldepartments
CREATE TABLE IF NOT EXISTS `tbldepartments` (
  `id` int NOT NULL AUTO_INCREMENT,
  `DepartmentName` varchar(150) CHARACTER SET utf8mb4 COLLATE utf8mb4_general_ci DEFAULT NULL,
  `DepartmentShortName` varchar(100) CHARACTER SET utf8mb4 COLLATE utf8mb4_general_ci NOT NULL,
  `CreationDate` timestamp NULL DEFAULT CURRENT_TIMESTAMP,
  PRIMARY KEY (`id`)
) ENGINE=InnoDB AUTO_INCREMENT=8 DEFAULT CHARSET=latin1;

-- Dumping data for table accountopening_db.tbldepartments: ~5 rows (approximately)
INSERT INTO `tbldepartments` (`id`, `DepartmentName`, `DepartmentShortName`, `CreationDate`) VALUES
	(2, 'Information Technologies', 'IT', '2017-11-01 07:19:37'),
	(4, 'Controle interne', 'CI', '2025-07-11 13:23:21'),
	(5, 'Commercial Banking', 'CMB', '2025-07-11 15:38:06'),
	(6, 'Consumer', 'Consumer', '2025-07-11 15:45:50');

-- Dumping structure for table accountopening_db.tblemployees
CREATE TABLE IF NOT EXISTS `tblemployees` (
  `emp_id` int NOT NULL AUTO_INCREMENT,
  `FirstName` varchar(150) CHARACTER SET utf8mb4 COLLATE utf8mb4_general_ci NOT NULL,
  `LastName` varchar(150) CHARACTER SET utf8mb4 COLLATE utf8mb4_general_ci NOT NULL,
  `Username` varchar(200) CHARACTER SET utf8mb4 COLLATE utf8mb4_general_ci DEFAULT NULL,
  `Position` varchar(100) CHARACTER SET utf8mb4 COLLATE utf8mb4_general_ci NOT NULL,
  `AgenceShortName` varchar(200) CHARACTER SET latin1 COLLATE latin1_swedish_ci DEFAULT NULL,
  `EmailId` varchar(200) CHARACTER SET utf8mb4 COLLATE utf8mb4_general_ci NOT NULL,
  `Password` varchar(180) CHARACTER SET utf8mb4 COLLATE utf8mb4_general_ci NOT NULL,
  `Department` varchar(255) CHARACTER SET utf8mb4 COLLATE utf8mb4_general_ci NOT NULL,
  `Status` varchar(10) CHARACTER SET utf8mb4 COLLATE utf8mb4_general_ci NOT NULL,
  `RegDate` timestamp NOT NULL DEFAULT CURRENT_TIMESTAMP,
  `role` varchar(30) CHARACTER SET utf8mb4 COLLATE utf8mb4_general_ci NOT NULL,
  `location` varchar(200) CHARACTER SET utf8mb4 COLLATE utf8mb4_general_ci NOT NULL,
  `twofa_secret` varchar(255) CHARACTER SET utf8mb4 COLLATE utf8mb4_general_ci DEFAULT NULL,
  `twofa_enabled` tinyint(1) DEFAULT '0',
  `password_changed` tinyint(1) DEFAULT '0',
  PRIMARY KEY (`emp_id`),
  KEY `AgenceShortName` (`AgenceShortName`)
) ENGINE=InnoDB AUTO_INCREMENT=23 DEFAULT CHARSET=latin1;

-- Dumping data for table accountopening_db.tblemployees: ~8 rows (approximately)
INSERT INTO `tblemployees` (`emp_id`, `FirstName`, `LastName`, `Username`, `Position`, `AgenceShortName`, `EmailId`, `Password`, `Department`, `Status`, `RegDate`, `role`, `location`, `twofa_secret`, `twofa_enabled`, `password_changed`) VALUES
	(2, 'Admin', 'Admin', 'admin', 'Registra', 'T31', 'admin@gmail.com', '$2y$10$CnNOVb3dtebEkp6ErbkXOeHb00fgImLg2u0bXHof0lO1GaZKsVw5q', 'ICT', 'Online', '2017-11-10 13:40:02', 'Admin', 'claude.JPG', NULL, 0, 1),
	(4, 'Nathaniel', 'Nkrumah', 'nkrumah', 'ICT Director', 'T31', 'rk@gmail.com', '$2y$10$/fal3nYvYo8Ah8lpy7eaH.tEYKfKSOrdak3BLm1HgWExKdwfPHfGe', 'ICT', 'Offline', '2017-11-10 13:40:02', 'Admin', 'NO-IMAGE-AVAILABLE.jpg', NULL, 0, 0),
	(9, 'Richard', 'Awuni', 'Awuni', 'Head IT', 'T31', 'knath@gmail.com', '$2y$10$/F1alZEULaMs0YU0e0rCZ.2T7qvp3iV4gEieoIDWDqCH6oCB/QlY.', 'ICT', 'Offline', '2022-08-04 18:06:27', 'CI', 'photo8.jpg', 'CMYYXVMISCIZZ4OB', 1, 1),
	(10, 'NKOUSSOU', 'Set', 'Snkoussou', 'IT Application', 'T31', 'snkoussou@ecobank.com', '$2y$10$cM83cF.FCuJH0SvJM0i0g.xiIP.8gjF9g3R.TE/bSskE2h2NEeYTi', 'ICT', 'Online', '2022-08-04 18:18:50', 'cso', 'photo4.jpg', 'WU44744YWAKHE5GP', 1, 1),
	(11, 'Yoka Mossa', 'Claude', 'Yclaude', 'IT', 'T31', 'c@gmail.com', '$2y$10$.NdxZGSHEwG19Xf8OS3k5O.Kc1nImmKUbl9UU6l1SX3HK2yF4W7ie', 'ICT', 'Online', '2025-07-08 13:04:13', 'cso', 'claude.JPG', 'FVU3QITCFCN7KJ5K', 1, 1),
	(17, 'KIKOTA', 'Farnise', 'fkikota', 'IT delivery', 'T31', 'kikota@gmail.com', '$2y$10$MQIkKqaK/tq4BvfVMZodxeYbGQLM6I9U.luuju75n7Zi704/yWwrC', 'ICT', 'Offline', '2025-07-22 11:40:13', 'cso', 'NO-IMAGE-AVAILABLE.jpg', NULL, 0, 0),
	(19, 'BOUHOYI NKOUMBA', 'Grace', 'gbouhoyi', 'Head Contrôle Interne', 'T31', 'gbouhoyi@ecobank.com', '$2y$10$eRTAe.dk9oMgqD/nDIoZe.kgLyfJ68cC83JGOelDeAJwz3kWxCEVy', 'CI', 'Online', '2025-08-12 14:12:03', 'CI', 'NO-IMAGE-AVAILABLE.jpg', NULL, 0, 1);

-- Dumping structure for table accountopening_db.tblnotification
CREATE TABLE IF NOT EXISTS `tblnotification` (
  `id` int NOT NULL AUTO_INCREMENT,
  `emp_id` int DEFAULT NULL,
  `message` text,
  `type` varchar(50) DEFAULT NULL,
  `submission_id` int DEFAULT NULL,
  `created_at` datetime DEFAULT CURRENT_TIMESTAMP,
  `is_read` tinyint(1) DEFAULT '0',
  PRIMARY KEY (`id`),
  KEY `emp_id` (`emp_id`),
  KEY `created_at` (`created_at`)
) ENGINE=InnoDB AUTO_INCREMENT=14 DEFAULT CHARSET=utf8mb4 COLLATE=utf8mb4_0900_ai_ci;

-- Dumping data for table accountopening_db.tblnotification: ~8 rows (approximately)
INSERT INTO `tblnotification` (`id`, `emp_id`, `message`, `type`, `submission_id`, `created_at`, `is_read`) VALUES
	(1, 11, 'Demande de chéquier effectuée - Client: test testP  - Type: 25', 'chequier_request', 1, '2026-03-25 11:00:15', 0),
	(2, 11, 'Demande de chéquier effectuée pour le compte 37285009468 - Client:  (Demande #1)', 'chequier_created', 1, '2026-03-25 10:00:18', 0),
	(3, 11, 'Demande de chéquier effectuée pour le compte 37285009468 - Client: test testP (Demande #1)', 'chequier_created', NULL, '2026-03-25 10:00:50', 0),
	(4, 11, 'Demande de chéquier effectuée - Client: test testP  - Type: 50', 'chequier_request', 2, '2026-03-25 11:06:27', 1),
	(5, 11, 'Demande de chéquier effectuée pour le compte 37220026315 - Client: test testP (Demande #2)', 'chequier_created', NULL, '2026-03-25 10:08:19', 0),
	(6, 11, 'Demande de chéquier effectuée pour le compte 37285009468 - Client: test testP (Demande #1)', 'chequier_created', NULL, '2026-03-25 10:08:19', 0),
	(7, 11, 'Demande de chéquier effectuée pour le compte 37220026315 - Client: test testP (Demande #2)', 'chequier_created', NULL, '2026-03-25 10:08:44', 0),
	(8, 11, 'Demande de chéquier effectuée pour le compte 37285009468 - Client: test testP (Demande #1)', 'chequier_created', NULL, '2026-03-25 10:08:44', 0),
	(9, 11, 'Demande de chéquier effectuée pour le compte 37220026315 - Client: test testP (Demande #2)', 'chequier_created', NULL, '2026-03-25 10:09:33', 0),
	(10, 11, 'Demande de chéquier effectuée pour le compte 37285009468 - Client: test testP (Demande #1)', 'chequier_created', NULL, '2026-03-25 10:09:34', 0),
	(11, 11, 'Demande de chéquier effectuée - Client: ZZ gad YOKA MOSSA  - Type: 50', 'chequier_request', 6, '2026-03-27 12:52:03', 1),
	(12, 11, 'Demande de chéquier effectuée - Client: OD gad YOKA MOSSA  - Type: 25', 'chequier_request', 7, '2026-03-27 19:26:10', 0),
	(13, 2, '🎉 Nouveau système de monitoring disponible ! Accédez aux métriques en temps réel depuis le menu \'Monitoring\'.', 'system', NULL, '2026-03-30 14:58:32', 0);

-- Dumping structure for table accountopening_db.tblproduits
CREATE TABLE IF NOT EXISTS `tblproduits` (
  `id` int NOT NULL AUTO_INCREMENT,
  `customer_id` varchar(128) DEFAULT NULL,
  `title` varchar(20) DEFAULT NULL,
  `first_name` varchar(128) DEFAULT NULL,
  `last_name` varchar(128) DEFAULT NULL,
  `mobile` varchar(20) DEFAULT NULL,
  `nationality` varchar(64) DEFAULT NULL,
  `residence_country` varchar(64) DEFAULT NULL,
  `services` text,
  `deposit_amount` varchar(50) DEFAULT NULL,
  `emp_id` varchar(50) DEFAULT NULL,
  `branch_code` varchar(20) DEFAULT NULL,
  `date_enregistrement` timestamp NULL DEFAULT CURRENT_TIMESTAMP,
  `card_classic` tinyint DEFAULT '0' COMMENT 'Carte Classique',
  `card_gold` tinyint DEFAULT '0' COMMENT 'Carte Gold',
  `card_platinum` tinyint DEFAULT '0' COMMENT 'Carte Platinum',
  `srv_ecobank_app` tinyint DEFAULT '0' COMMENT 'Service: Application Ecobank',
  `srv_airtel_money` tinyint DEFAULT '0' COMMENT 'Service: Airtel Money',
  `srv_insurance` tinyint DEFAULT '0' COMMENT 'Service: Assurance',
  `srv_mobile_money` tinyint DEFAULT '0' COMMENT 'Service: Mobile Money',
  `srv_estatement` tinyint DEFAULT '0' COMMENT 'Service: E-Statrement',
  `srv_sms_alert` tinyint DEFAULT '0' COMMENT 'Service: SMS Alert',
  `online_transfer` tinyint DEFAULT '0' COMMENT 'ECOBANK ONLINE: Transferts',
  `online_western_union` tinyint DEFAULT '0' COMMENT 'ECOBANK ONLINE: Western Union',
  `gestionnaire` varchar(100) DEFAULT NULL COMMENT 'Gestionnaire',
  `chef_agence` varchar(100) DEFAULT NULL COMMENT 'Chef d''agence',
  `airtel_phone` varchar(20) DEFAULT NULL COMMENT 'Numéro Airtel Money',
  `mobilemoney_phone` varchar(20) DEFAULT NULL COMMENT 'Numéro Mobile Money',
  `chequier_types` text COMMENT 'Types de chéquiers sélectionnés (JSON)',
  `deposit_type` text COMMENT 'Type de dépôt (JSON)',
  PRIMARY KEY (`id`),
  UNIQUE KEY `customer_id` (`customer_id`),
  KEY `idx_customer_id` (`customer_id`)
) ENGINE=InnoDB AUTO_INCREMENT=9 DEFAULT CHARSET=utf8mb4 COLLATE=utf8mb4_0900_ai_ci;

-- Dumping data for table accountopening_db.tblproduits: ~1 rows (approximately)
INSERT INTO `tblproduits` (`id`, `customer_id`, `title`, `first_name`, `last_name`, `mobile`, `nationality`, `residence_country`, `services`, `deposit_amount`, `emp_id`, `branch_code`, `date_enregistrement`, `card_classic`, `card_gold`, `card_platinum`, `srv_ecobank_app`, `srv_airtel_money`, `srv_insurance`, `srv_mobile_money`, `srv_estatement`, `srv_sms_alert`, `online_transfer`, `online_western_union`, `gestionnaire`, `chef_agence`, `airtel_phone`, `mobilemoney_phone`, `chequier_types`, `deposit_type`) VALUES
	(1, '37220025707', NULL, 'ENCRYPTED', 'DATA1746374 ENCRYPTED DATA1746374', '', NULL, NULL, 'U', '500000', '11', 'T32', '2026-03-27 08:08:05', 0, 0, 0, 0, 0, 0, 0, 0, 0, 0, 0, NULL, NULL, NULL, NULL, NULL, NULL),
	(8, '37150000008', NULL, 'Oliveira', 'YOKA MOSSA', '0700000000', NULL, NULL, 'ESPÈCE', '100000', '11', '00001', '2026-03-27 09:18:38', 1, 0, 0, 1, 0, 1, 0, 1, 1, 0, 0, 'yoka mossa', 'ALAIN', '0700000000', '0700000000', NULL, '["ESP\\u00c8CE"]');

-- Dumping structure for table accountopening_db.tbl_logins
CREATE TABLE IF NOT EXISTS `tbl_logins` (
  `id` int NOT NULL AUTO_INCREMENT,
  `emp_id` int NOT NULL,
  `login_time` timestamp NOT NULL DEFAULT CURRENT_TIMESTAMP,
  `logout_time` timestamp NULL DEFAULT NULL,
  PRIMARY KEY (`id`),
  KEY `emp_id` (`emp_id`),
  CONSTRAINT `tbl_logins_ibfk_1` FOREIGN KEY (`emp_id`) REFERENCES `tblemployees` (`emp_id`)
) ENGINE=InnoDB AUTO_INCREMENT=562 DEFAULT CHARSET=utf8mb4 COLLATE=utf8mb4_0900_ai_ci;

-- Dumping data for table accountopening_db.tbl_logins: ~460 rows (approximately)
INSERT INTO `tbl_logins` (`id`, `emp_id`, `login_time`, `logout_time`) VALUES
	(1, 11, '2025-08-06 15:58:44', '2025-08-06 15:59:26'),
	(2, 11, '2025-08-07 06:40:33', '2025-08-07 06:40:47'),
	(4, 11, '2025-08-07 16:39:44', '2025-08-07 16:40:35'),
	(5, 11, '2025-08-07 16:40:39', '2025-08-07 16:40:59'),
	(6, 11, '2025-08-07 16:44:41', '2025-08-07 16:47:44'),
	(17, 11, '2025-08-11 15:26:03', '2025-08-11 15:26:39'),
	(18, 11, '2025-08-11 15:26:15', '2025-08-11 15:26:39'),
	(19, 11, '2025-08-11 15:35:58', '2025-08-11 15:46:37'),
	(20, 11, '2025-08-11 15:36:31', '2025-08-11 15:46:37'),
	(21, 11, '2025-08-11 15:41:24', '2025-08-11 15:46:37'),
	(22, 10, '2025-08-11 15:41:55', '2025-08-11 15:44:53'),
	(23, 10, '2025-08-11 15:42:25', '2025-08-11 15:44:53'),
	(24, 11, '2025-08-11 15:45:00', '2025-08-11 15:46:37'),
	(25, 11, '2025-08-11 15:46:27', '2025-08-11 15:46:37'),
	(26, 11, '2025-08-11 16:00:48', '2025-08-11 16:13:02'),
	(27, 10, '2025-08-11 16:13:15', '2025-08-11 16:13:22'),
	(28, 9, '2025-08-11 16:15:07', '2025-08-11 16:49:17'),
	(29, 9, '2025-08-11 16:16:57', '2025-08-11 16:49:17'),
	(31, 11, '2025-08-11 18:36:50', '2025-08-11 18:38:06'),
	(32, 11, '2025-08-12 08:16:44', '2025-08-12 10:03:34'),
	(33, 10, '2025-08-12 10:04:34', '2025-08-12 10:34:34'),
	(34, 11, '2025-08-12 10:34:42', '2025-08-12 10:35:25'),
	(36, 9, '2025-08-12 10:47:24', '2025-08-12 13:47:42'),
	(38, 19, '2025-08-12 14:18:55', '2025-08-12 14:45:14'),
	(39, 19, '2025-08-12 14:19:34', '2025-08-12 14:45:14'),
	(40, 9, '2025-08-12 14:45:20', '2025-08-12 15:33:40'),
	(41, 11, '2025-08-12 15:36:50', '2025-08-12 15:38:31'),
	(42, 9, '2025-08-12 15:38:41', '2025-08-12 15:39:05'),
	(45, 10, '2025-08-12 15:52:49', '2025-08-12 16:01:47'),
	(47, 11, '2025-08-12 16:27:33', '2025-08-12 16:33:41'),
	(48, 9, '2025-08-12 16:33:52', '2025-08-12 16:53:11'),
	(49, 11, '2025-08-13 08:29:41', '2025-08-13 11:56:38'),
	(50, 9, '2025-08-13 11:56:43', '2025-08-13 14:59:29'),
	(51, 11, '2025-08-13 14:59:33', '2025-08-13 16:55:42'),
	(53, 9, '2025-08-13 16:56:43', '2025-08-13 16:57:30'),
	(54, 11, '2025-08-13 16:58:22', '2025-08-13 16:58:28'),
	(55, 9, '2025-08-13 16:58:43', '2025-08-13 16:58:52'),
	(56, 2, '2025-08-13 17:10:33', '2025-08-20 10:18:56'),
	(57, 2, '2025-08-13 17:10:48', '2025-08-20 10:18:56'),
	(58, 9, '2025-08-14 14:20:39', '2025-08-18 10:31:12'),
	(59, 9, '2025-08-14 15:10:23', '2025-08-18 10:31:12'),
	(60, 9, '2025-08-14 15:11:16', '2025-08-18 10:31:12'),
	(61, 9, '2025-08-14 15:11:28', '2025-08-18 10:31:12'),
	(62, 9, '2025-08-14 15:11:48', '2025-08-18 10:31:12'),
	(63, 9, '2025-08-14 15:12:26', '2025-08-18 10:31:12'),
	(64, 9, '2025-08-14 15:12:56', '2025-08-18 10:31:12'),
	(65, 9, '2025-08-14 15:13:23', '2025-08-18 10:31:12'),
	(66, 9, '2025-08-14 15:13:49', '2025-08-18 10:31:12'),
	(67, 19, '2025-08-14 15:13:57', '2025-08-14 15:56:49'),
	(68, 19, '2025-08-14 15:14:03', '2025-08-14 15:56:49'),
	(69, 19, '2025-08-14 15:14:26', '2025-08-14 15:56:49'),
	(70, 19, '2025-08-14 15:14:45', '2025-08-14 15:56:49'),
	(71, 19, '2025-08-14 15:14:49', '2025-08-14 15:56:49'),
	(72, 19, '2025-08-14 15:15:01', '2025-08-14 15:56:49'),
	(73, 19, '2025-08-14 15:15:18', '2025-08-14 15:56:49'),
	(74, 19, '2025-08-14 15:15:39', '2025-08-14 15:56:49'),
	(75, 19, '2025-08-14 15:16:11', '2025-08-14 15:56:49'),
	(76, 19, '2025-08-14 15:16:51', '2025-08-14 15:56:49'),
	(77, 19, '2025-08-14 15:17:36', '2025-08-14 15:56:49'),
	(78, 19, '2025-08-14 15:18:23', '2025-08-14 15:56:49'),
	(79, 19, '2025-08-14 15:19:40', '2025-08-14 15:56:49'),
	(80, 19, '2025-08-14 15:21:13', '2025-08-14 15:56:49'),
	(81, 19, '2025-08-14 15:21:28', '2025-08-14 15:56:49'),
	(82, 19, '2025-08-14 15:25:36', '2025-08-14 15:56:49'),
	(83, 11, '2025-08-14 18:07:53', '2025-08-14 18:08:23'),
	(84, 11, '2025-08-16 12:20:37', '2025-08-16 12:21:42'),
	(85, 11, '2025-08-16 13:00:31', '2025-08-16 13:03:43'),
	(86, 11, '2025-08-16 13:03:47', '2025-08-16 14:21:10'),
	(87, 11, '2025-08-18 07:16:50', '2025-08-18 10:29:30'),
	(88, 9, '2025-08-18 10:29:37', '2025-08-18 10:31:12'),
	(89, 11, '2025-08-18 10:31:19', '2025-08-18 10:31:52'),
	(90, 11, '2025-08-18 10:33:18', '2025-08-18 10:40:13'),
	(92, 11, '2025-08-18 10:40:40', '2025-08-18 10:41:15'),
	(93, 11, '2025-08-18 13:21:48', '2025-08-18 13:24:07'),
	(94, 9, '2025-08-18 13:24:14', '2025-08-18 14:02:40'),
	(95, 11, '2025-08-18 14:14:35', '2025-08-18 14:23:23'),
	(96, 9, '2025-08-18 14:23:28', '2025-08-18 15:29:21'),
	(97, 11, '2025-08-18 15:29:26', '2025-08-18 15:41:51'),
	(98, 9, '2025-08-18 15:41:56', '2025-08-19 07:09:47'),
	(99, 11, '2025-08-19 07:54:46', '2025-08-19 07:56:51'),
	(100, 9, '2025-08-19 07:56:57', '2025-08-19 07:59:56'),
	(101, 11, '2025-08-19 08:00:02', '2025-08-19 08:11:15'),
	(102, 9, '2025-08-19 08:11:24', '2025-08-19 08:12:33'),
	(103, 11, '2025-08-19 08:12:39', '2025-08-19 08:12:47'),
	(104, 9, '2025-08-19 08:12:51', '2025-08-19 08:13:14'),
	(105, 11, '2025-08-19 08:13:18', '2025-08-19 10:04:24'),
	(106, 9, '2025-08-19 10:04:30', '2025-08-19 10:05:14'),
	(107, 11, '2025-08-19 10:05:18', '2025-08-19 10:58:03'),
	(109, 10, '2025-08-19 15:47:29', '2025-08-19 15:54:37'),
	(112, 9, '2025-08-19 16:35:53', '2025-08-19 16:36:12'),
	(114, 11, '2025-08-19 16:46:03', '2025-08-19 16:54:00'),
	(115, 19, '2025-08-19 16:57:39', '2025-08-19 16:58:20'),
	(116, 11, '2025-08-19 16:58:26', '2025-08-19 17:18:57'),
	(117, 9, '2025-08-19 17:19:05', '2025-08-19 17:19:50'),
	(118, 11, '2025-08-19 17:32:17', '2025-08-19 17:33:38'),
	(119, 11, '2025-08-20 08:16:07', '2025-08-20 08:31:32'),
	(120, 9, '2025-08-20 08:33:42', '2025-08-20 08:35:54'),
	(122, 2, '2025-08-20 08:54:07', '2025-08-20 10:18:56'),
	(123, 11, '2025-08-20 10:19:00', '2025-08-20 10:19:49'),
	(124, 11, '2025-08-20 10:20:02', '2025-08-20 10:22:28'),
	(126, 9, '2025-08-20 10:29:37', '2025-08-20 10:29:58'),
	(127, 11, '2025-08-20 10:30:05', '2025-08-20 11:04:05'),
	(128, 11, '2025-08-20 11:14:32', '2025-08-20 11:29:53'),
	(129, 9, '2025-08-20 11:29:59', '2025-08-20 11:30:43'),
	(130, 10, '2025-08-20 11:31:02', '2025-08-20 11:32:00'),
	(131, 9, '2025-08-20 11:32:03', '2025-08-20 11:32:44'),
	(132, 11, '2025-08-20 11:32:49', '2025-08-20 11:32:53'),
	(133, 10, '2025-08-20 11:33:01', '2025-08-20 11:50:55'),
	(134, 11, '2025-08-20 11:52:30', '2025-08-20 11:53:25'),
	(135, 9, '2025-08-20 11:53:38', '2025-08-20 11:54:00'),
	(137, 9, '2025-08-20 11:57:50', '2025-08-20 12:05:32'),
	(138, 9, '2025-08-20 14:42:09', '2025-08-21 09:23:14'),
	(139, 11, '2025-08-21 09:18:37', '2025-08-21 09:20:50'),
	(140, 9, '2025-08-21 09:22:55', '2025-08-21 09:23:14'),
	(141, 11, '2025-08-21 09:23:29', '2025-08-21 09:25:40'),
	(142, 11, '2025-08-21 10:09:51', '2025-08-21 10:12:15'),
	(143, 10, '2025-08-21 10:12:24', '2025-08-21 10:25:27'),
	(144, 11, '2025-08-21 10:33:12', '2025-08-21 10:35:34'),
	(145, 11, '2025-08-22 12:51:16', '2025-08-22 12:51:42'),
	(146, 11, '2025-08-25 16:10:56', '2025-08-25 17:05:54'),
	(148, 11, '2025-08-26 12:30:04', '2025-08-26 12:54:54'),
	(149, 9, '2025-08-26 12:55:10', '2025-08-26 12:56:02'),
	(150, 11, '2025-08-26 12:56:09', '2025-08-26 12:56:29'),
	(152, 11, '2025-08-26 13:02:16', '2025-08-26 13:14:08'),
	(154, 11, '2025-08-26 13:22:21', '2025-08-26 13:31:44'),
	(155, 11, '2025-08-26 13:47:05', '2025-08-26 13:54:48'),
	(156, 11, '2025-08-26 13:54:52', '2025-08-26 13:54:59'),
	(158, 9, '2025-08-26 14:04:23', '2025-08-26 14:58:56'),
	(159, 11, '2025-08-26 14:59:01', '2025-08-26 16:07:23'),
	(160, 11, '2025-08-27 08:35:58', '2025-08-27 08:36:12'),
	(161, 11, '2025-08-27 08:40:37', '2025-08-27 11:49:36'),
	(162, 11, '2025-08-27 16:04:26', '2025-08-27 16:12:06'),
	(163, 11, '2025-08-27 16:59:10', '2025-08-28 08:51:57'),
	(164, 11, '2025-08-27 17:01:29', '2025-08-28 08:51:57'),
	(165, 11, '2025-08-28 08:28:02', '2025-08-28 08:51:57'),
	(166, 11, '2025-08-28 14:24:26', '2025-08-28 17:01:24'),
	(167, 11, '2025-08-28 17:00:12', '2025-08-28 17:01:24'),
	(168, 11, '2025-09-02 16:42:45', '2025-09-02 16:46:23'),
	(169, 11, '2025-09-04 09:56:06', '2025-09-04 10:07:19'),
	(170, 11, '2025-09-04 11:18:30', '2025-09-04 11:22:25'),
	(171, 11, '2025-09-04 13:51:04', '2025-09-04 17:01:03'),
	(172, 11, '2025-09-05 07:15:50', '2025-09-05 07:20:07'),
	(173, 11, '2025-09-08 16:05:07', '2025-09-08 17:03:29'),
	(174, 11, '2025-09-09 07:05:41', '2025-09-09 07:05:55'),
	(175, 11, '2025-09-09 07:19:14', '2025-09-09 08:51:52'),
	(176, 11, '2025-09-09 08:54:41', '2025-09-09 11:13:14'),
	(177, 11, '2025-09-09 11:55:51', '2025-10-07 09:40:57'),
	(178, 11, '2025-09-10 11:42:24', '2025-10-07 09:40:57'),
	(179, 11, '2025-10-07 09:33:58', '2025-10-07 09:40:57'),
	(180, 11, '2025-10-07 09:38:36', '2025-10-07 09:40:57'),
	(181, 11, '2025-10-07 09:41:01', '2025-10-07 10:22:16'),
	(182, 11, '2025-10-15 07:46:15', '2025-10-16 08:49:58'),
	(183, 11, '2025-10-16 08:50:01', '2025-10-16 15:51:38'),
	(184, 11, '2025-10-16 15:51:41', '2025-10-20 10:52:03'),
	(185, 11, '2025-10-20 08:37:50', '2025-10-20 10:52:03'),
	(186, 19, '2025-10-20 10:52:13', '2025-10-20 10:52:47'),
	(188, 11, '2025-12-02 18:13:35', '2025-12-02 18:58:25'),
	(189, 11, '2025-12-03 09:41:42', '2025-12-03 13:52:14'),
	(190, 11, '2025-12-03 13:51:44', '2025-12-03 13:52:14'),
	(191, 11, '2025-12-08 18:15:53', '2025-12-11 15:50:41'),
	(192, 11, '2025-12-10 11:48:27', '2025-12-11 15:50:41'),
	(193, 11, '2025-12-11 15:34:53', '2025-12-11 15:50:41'),
	(194, 11, '2025-12-11 15:42:37', '2025-12-11 15:50:41'),
	(196, 11, '2025-12-11 15:54:41', '2025-12-11 16:01:25'),
	(197, 11, '2025-12-11 16:01:33', '2025-12-11 16:49:25'),
	(198, 11, '2025-12-11 16:05:51', '2025-12-11 16:49:25'),
	(199, 11, '2025-12-11 16:10:28', '2025-12-11 16:49:25'),
	(200, 11, '2025-12-11 16:22:46', '2025-12-11 16:49:25'),
	(201, 11, '2025-12-11 17:42:10', '2025-12-11 17:56:12'),
	(202, 11, '2025-12-11 17:47:45', '2025-12-11 17:56:12'),
	(203, 11, '2025-12-11 17:56:27', '2025-12-11 17:57:36'),
	(204, 11, '2025-12-11 17:59:19', '2025-12-11 18:12:45'),
	(205, 11, '2025-12-11 18:29:03', '2025-12-11 18:30:10'),
	(206, 11, '2025-12-11 18:30:13', '2025-12-11 20:09:52'),
	(207, 11, '2025-12-11 20:10:52', '2025-12-12 07:37:05'),
	(208, 11, '2025-12-12 07:37:10', '2025-12-12 07:46:43'),
	(209, 11, '2025-12-15 09:36:08', '2025-12-18 10:22:54'),
	(210, 11, '2025-12-17 11:09:32', '2025-12-18 10:22:54'),
	(211, 11, '2025-12-17 20:01:13', '2025-12-18 10:22:54'),
	(212, 11, '2025-12-18 09:32:40', '2025-12-18 10:22:54'),
	(213, 11, '2025-12-18 10:22:56', '2025-12-19 11:39:51'),
	(214, 11, '2025-12-18 15:39:50', '2025-12-19 11:39:51'),
	(215, 11, '2025-12-19 07:30:13', '2025-12-19 11:39:51'),
	(216, 11, '2025-12-19 08:20:37', '2025-12-19 11:39:51'),
	(217, 11, '2025-12-19 14:31:10', '2025-12-22 09:30:13'),
	(218, 19, '2025-12-22 09:30:20', '2025-12-22 09:31:11'),
	(219, 11, '2025-12-22 09:31:17', '2025-12-23 11:50:57'),
	(220, 11, '2025-12-23 10:53:53', '2025-12-23 11:50:57'),
	(221, 11, '2025-12-23 13:04:37', '2025-12-23 13:07:17'),
	(222, 11, '2025-12-23 13:05:39', '2025-12-23 13:07:17'),
	(223, 11, '2025-12-23 13:06:14', '2025-12-23 13:07:17'),
	(224, 11, '2025-12-23 15:08:36', '2025-12-29 08:58:33'),
	(225, 11, '2025-12-29 08:36:37', '2025-12-29 08:58:33'),
	(227, 11, '2025-12-31 08:42:41', '2025-12-31 09:39:26'),
	(228, 11, '2025-12-31 09:54:43', '2025-12-31 10:53:41'),
	(229, 11, '2026-01-06 10:06:30', '2026-01-07 16:07:23'),
	(230, 11, '2026-01-07 14:46:26', '2026-01-07 16:07:23'),
	(231, 11, '2026-01-07 17:21:57', '2026-01-07 17:24:05'),
	(232, 11, '2026-01-13 10:50:01', '2026-01-18 03:22:46'),
	(233, 11, '2026-01-13 10:52:50', '2026-01-18 03:22:46'),
	(234, 11, '2026-01-13 10:53:52', '2026-01-18 03:22:46'),
	(235, 11, '2026-01-17 23:53:57', '2026-01-18 03:22:46'),
	(236, 11, '2026-01-18 01:14:46', '2026-01-18 03:22:46'),
	(237, 11, '2026-01-18 03:22:49', '2026-01-18 19:03:17'),
	(238, 11, '2026-01-18 19:42:28', '2026-01-18 20:38:12'),
	(239, 11, '2026-01-18 19:42:33', '2026-01-18 20:38:12'),
	(240, 11, '2026-01-18 19:42:39', '2026-01-18 20:38:12'),
	(241, 11, '2026-01-18 19:43:20', '2026-01-18 20:38:12'),
	(242, 11, '2026-01-18 19:43:26', '2026-01-18 20:38:12'),
	(243, 11, '2026-01-18 19:49:09', '2026-01-18 20:38:12'),
	(244, 11, '2026-01-19 01:20:10', '2026-01-19 02:24:03'),
	(246, 11, '2026-01-19 02:24:55', '2026-01-19 04:59:00'),
	(247, 11, '2026-01-19 03:49:07', '2026-01-19 04:59:00'),
	(248, 11, '2026-01-19 04:01:04', '2026-01-19 04:59:00'),
	(250, 11, '2026-01-19 05:00:33', '2026-01-19 05:06:07'),
	(251, 11, '2026-01-19 10:22:31', '2026-01-19 11:50:52'),
	(252, 11, '2026-01-19 11:51:23', '2026-01-19 14:01:58'),
	(253, 11, '2026-01-19 14:02:09', '2026-01-19 14:04:54'),
	(254, 11, '2026-01-19 14:06:26', '2026-01-19 16:06:55'),
	(255, 11, '2026-01-19 16:06:57', '2026-01-20 09:36:47'),
	(256, 11, '2026-01-19 19:47:34', '2026-01-20 09:36:47'),
	(257, 11, '2026-01-20 09:40:47', '2026-01-20 10:54:45'),
	(258, 11, '2026-01-20 10:54:35', '2026-01-20 10:54:45'),
	(259, 11, '2026-01-20 10:54:43', '2026-01-20 10:54:45'),
	(260, 11, '2026-01-21 08:51:09', '2026-01-22 16:46:10'),
	(261, 11, '2026-01-22 16:16:11', '2026-01-22 16:46:10'),
	(262, 11, '2026-01-23 10:20:11', '2026-01-24 13:02:03'),
	(263, 2, '2026-01-24 13:57:15', '2026-01-24 14:57:02'),
	(265, 19, '2026-01-24 15:02:39', '2026-01-24 15:08:44'),
	(266, 19, '2026-01-24 15:02:52', '2026-01-24 15:08:44'),
	(267, 19, '2026-01-24 15:04:38', '2026-01-24 15:08:44'),
	(268, 19, '2026-01-24 15:08:49', '2026-01-24 16:06:25'),
	(269, 11, '2026-01-24 16:06:38', '2026-01-24 16:07:29'),
	(270, 19, '2026-01-24 16:07:34', '2026-01-24 16:24:37'),
	(271, 19, '2026-01-24 16:24:39', '2026-01-24 16:24:47'),
	(272, 11, '2026-01-24 16:24:51', '2026-01-24 16:25:15'),
	(273, 19, '2026-01-24 16:25:22', '2026-01-24 16:30:54'),
	(274, 11, '2026-01-24 16:30:59', '2026-01-24 16:31:42'),
	(275, 19, '2026-01-24 16:31:58', '2026-01-24 16:43:32'),
	(276, 2, '2026-01-24 16:45:24', '2026-01-24 16:48:13'),
	(277, 19, '2026-01-24 16:48:19', '2026-01-24 16:48:48'),
	(278, 2, '2026-01-24 16:48:58', '2026-01-24 16:49:21'),
	(279, 2, '2026-01-24 16:50:21', '2026-01-24 16:51:27'),
	(280, 2, '2026-01-24 16:51:06', '2026-01-24 16:51:27'),
	(281, 2, '2026-01-27 09:46:41', '2026-01-27 09:47:12'),
	(282, 19, '2026-01-27 09:47:21', '2026-01-27 10:49:53'),
	(283, 11, '2026-01-27 09:47:47', '2026-01-27 10:48:28'),
	(284, 19, '2026-01-27 10:48:33', '2026-01-27 10:49:53'),
	(285, 11, '2026-01-27 10:49:59', '2026-01-27 15:45:53'),
	(286, 2, '2026-01-27 11:24:42', '2026-01-27 11:34:28'),
	(287, 19, '2026-01-27 11:34:39', '2026-01-27 11:34:53'),
	(288, 2, '2026-01-27 11:35:02', '2026-01-27 12:09:07'),
	(289, 2, '2026-01-27 13:46:57', '2026-01-27 13:55:28'),
	(290, 19, '2026-01-27 13:55:34', '2026-01-27 13:57:04'),
	(291, 2, '2026-01-27 13:57:10', '2026-01-27 13:59:58'),
	(292, 19, '2026-01-27 14:00:04', '2026-01-27 15:04:07'),
	(293, 19, '2026-01-27 15:04:12', '2026-01-27 15:11:29'),
	(294, 11, '2026-01-27 15:11:36', '2026-01-27 15:45:53'),
	(295, 19, '2026-01-27 15:45:57', '2026-01-27 15:59:17'),
	(296, 11, '2026-01-27 15:47:51', '2026-01-27 15:51:42'),
	(297, 11, '2026-01-27 15:51:59', '2026-01-27 16:20:51'),
	(298, 19, '2026-01-27 15:54:07', '2026-01-27 15:59:17'),
	(299, 11, '2026-01-27 15:59:22', '2026-01-27 16:20:51'),
	(300, 19, '2026-01-27 16:20:58', '2026-01-27 16:34:39'),
	(301, 11, '2026-01-27 16:34:44', '2026-01-27 17:03:21'),
	(302, 11, '2026-01-28 07:18:41', '2026-01-28 07:51:16'),
	(303, 11, '2026-01-28 07:55:45', '2026-01-28 07:56:17'),
	(304, 11, '2026-01-28 08:04:22', '2026-01-28 08:44:03'),
	(305, 11, '2026-01-28 08:44:13', '2026-01-28 08:50:43'),
	(306, 19, '2026-01-28 09:00:07', '2026-01-28 09:00:36'),
	(307, 11, '2026-01-28 09:10:21', '2026-01-28 09:33:46'),
	(308, 11, '2026-01-28 09:33:49', '2026-01-28 10:18:12'),
	(309, 11, '2026-01-28 10:20:35', '2026-01-28 13:10:43'),
	(310, 11, '2026-01-28 14:57:10', '2026-01-29 07:19:48'),
	(311, 11, '2026-01-28 17:12:03', '2026-01-29 07:19:48'),
	(312, 11, '2026-01-29 07:19:51', '2026-01-29 07:36:54'),
	(313, 11, '2026-01-29 07:36:58', '2026-01-29 07:37:10'),
	(314, 19, '2026-01-29 07:37:25', '2026-01-29 08:01:36'),
	(315, 11, '2026-01-29 08:01:41', '2026-01-29 08:04:17'),
	(316, 19, '2026-01-29 08:04:23', '2026-01-29 09:13:37'),
	(318, 19, '2026-01-29 09:16:53', '2026-01-29 09:31:14'),
	(321, 19, '2026-01-29 09:36:18', '2026-01-29 09:36:23'),
	(322, 11, '2026-01-29 09:36:56', '2026-01-29 14:46:12'),
	(323, 11, '2026-01-29 14:46:10', '2026-01-29 14:46:12'),
	(324, 11, '2026-01-29 14:50:48', '2026-01-29 14:51:02'),
	(326, 19, '2026-01-29 14:51:54', '2026-01-29 15:39:31'),
	(327, 11, '2026-01-29 15:39:38', '2026-01-30 07:34:10'),
	(328, 19, '2026-01-30 07:34:15', '2026-01-30 08:38:17'),
	(329, 11, '2026-01-30 08:38:22', '2026-01-30 08:44:56'),
	(330, 19, '2026-01-30 08:45:01', '2026-01-30 09:18:20'),
	(331, 11, '2026-01-30 09:18:27', '2026-01-30 09:27:31'),
	(332, 19, '2026-01-30 09:27:35', '2026-01-30 10:16:20'),
	(333, 11, '2026-01-30 10:16:27', '2026-01-30 14:29:07'),
	(334, 19, '2026-01-30 14:29:13', '2026-01-30 16:53:38'),
	(335, 11, '2026-01-30 16:54:08', '2026-01-30 17:15:52'),
	(336, 19, '2026-01-30 17:15:59', '2026-01-30 17:29:53'),
	(337, 11, '2026-01-30 17:29:58', '2026-01-30 18:01:44'),
	(338, 19, '2026-01-30 18:01:49', '2026-01-30 18:15:31'),
	(339, 2, '2026-01-30 18:15:42', '2026-01-30 18:17:40'),
	(340, 2, '2026-01-30 18:15:59', '2026-01-30 18:17:40'),
	(341, 2, '2026-01-30 18:16:21', '2026-01-30 18:17:40'),
	(342, 11, '2026-01-30 18:19:22', '2026-01-30 18:19:27'),
	(343, 11, '2026-01-30 18:19:31', '2026-01-30 18:47:13'),
	(344, 19, '2026-01-30 18:47:18', '2026-01-30 18:49:22'),
	(345, 11, '2026-01-30 18:49:27', '2026-01-30 18:49:56'),
	(346, 11, '2026-02-01 10:23:56', '2026-02-01 11:50:28'),
	(347, 19, '2026-02-01 11:50:35', '2026-02-01 12:13:05'),
	(348, 2, '2026-02-01 12:13:14', '2026-02-01 12:36:56'),
	(349, 2, '2026-02-01 12:41:26', '2026-02-01 12:41:32'),
	(350, 11, '2026-02-01 12:41:47', '2026-02-01 12:41:53'),
	(351, 11, '2026-02-02 08:09:51', '2026-02-02 17:19:25'),
	(352, 11, '2026-02-03 17:55:17', '2026-02-03 17:56:27'),
	(353, 11, '2026-02-04 17:08:40', '2026-02-05 14:48:43'),
	(354, 19, '2026-02-05 14:48:47', '2026-02-05 15:09:24'),
	(355, 11, '2026-02-05 15:09:30', '2026-02-05 15:17:43'),
	(356, 19, '2026-02-05 15:17:48', '2026-02-05 15:27:21'),
	(357, 11, '2026-02-05 15:27:26', '2026-02-05 15:28:39'),
	(358, 19, '2026-02-05 15:28:47', '2026-02-05 15:31:23'),
	(359, 11, '2026-02-05 15:31:27', '2026-02-05 15:32:01'),
	(360, 11, '2026-02-05 16:00:47', '2026-02-05 17:31:05'),
	(361, 19, '2026-02-05 17:31:14', '2026-02-05 17:53:51'),
	(362, 11, '2026-02-05 18:14:59', '2026-02-06 09:54:28'),
	(363, 11, '2026-02-06 09:57:00', '2026-02-06 11:00:58'),
	(364, 2, '2026-02-06 11:01:32', '2026-02-06 11:02:27'),
	(365, 11, '2026-02-06 11:02:39', '2026-02-06 11:03:26'),
	(366, 2, '2026-02-06 11:03:34', '2026-02-06 11:07:06'),
	(367, 2, '2026-02-06 11:07:15', '2026-02-06 11:18:32'),
	(368, 19, '2026-02-06 11:18:38', '2026-02-06 11:19:43'),
	(369, 2, '2026-02-06 11:19:56', '2026-02-06 14:55:19'),
	(370, 11, '2026-02-06 14:55:27', '2026-02-09 07:36:12'),
	(371, 11, '2026-02-09 07:35:53', '2026-02-09 07:36:12'),
	(372, 11, '2026-02-09 07:53:46', '2026-02-09 10:05:27'),
	(373, 11, '2026-02-09 10:06:12', '2026-02-09 10:21:12'),
	(374, 11, '2026-02-09 10:08:03', '2026-02-09 10:21:12'),
	(375, 11, '2026-02-09 10:21:14', '2026-02-09 10:21:34'),
	(376, 11, '2026-02-09 10:33:57', '2026-02-09 10:38:22'),
	(377, 11, '2026-02-09 10:38:39', '2026-02-09 11:26:30'),
	(378, 11, '2026-02-09 11:26:21', '2026-02-09 11:26:30'),
	(379, 11, '2026-02-09 11:45:22', '2026-02-09 11:46:35'),
	(380, 11, '2026-02-09 11:46:37', '2026-02-09 17:00:46'),
	(381, 19, '2026-02-09 17:00:51', '2026-02-09 17:04:21'),
	(382, 11, '2026-02-13 14:35:29', '2026-02-14 10:57:26'),
	(383, 19, '2026-02-14 10:57:31', '2026-02-14 10:59:46'),
	(384, 11, '2026-02-14 11:00:01', '2026-02-14 11:12:21'),
	(385, 19, '2026-02-14 11:12:25', '2026-02-14 11:26:56'),
	(386, 11, '2026-02-14 11:27:01', '2026-02-14 14:27:36'),
	(387, 11, '2026-02-14 14:27:39', '2026-02-14 15:20:41'),
	(388, 11, '2026-02-14 15:24:47', '2026-02-14 15:26:16'),
	(389, 11, '2026-02-16 11:54:17', '2026-02-16 13:45:38'),
	(390, 11, '2026-02-16 13:28:19', '2026-02-16 13:45:38'),
	(391, 19, '2026-02-16 13:55:58', '2026-02-16 13:57:09'),
	(392, 19, '2026-02-17 08:11:39', '2026-02-17 08:12:52'),
	(393, 19, '2026-02-17 08:12:53', '2026-02-17 13:57:43'),
	(394, 11, '2026-02-17 14:32:49', '2026-02-20 07:20:34'),
	(395, 11, '2026-02-19 09:32:07', '2026-02-20 07:20:34'),
	(396, 11, '2026-02-19 16:35:35', '2026-02-20 07:20:34'),
	(397, 11, '2026-02-20 15:46:10', '2026-03-03 08:34:40'),
	(398, 11, '2026-02-23 07:45:38', '2026-03-03 08:34:40'),
	(399, 11, '2026-02-26 16:04:48', '2026-03-03 08:34:40'),
	(400, 11, '2026-02-27 15:21:41', '2026-03-03 08:34:40'),
	(401, 11, '2026-03-02 10:01:10', '2026-03-03 08:34:40'),
	(402, 19, '2026-03-03 08:34:54', '2026-03-03 08:37:51'),
	(403, 11, '2026-03-03 08:37:56', '2026-03-03 15:10:34'),
	(404, 11, '2026-03-03 15:10:36', '2026-03-03 15:21:59'),
	(405, 19, '2026-03-03 15:22:04', '2026-03-04 07:27:50'),
	(406, 19, '2026-03-04 07:27:54', '2026-03-04 07:34:37'),
	(407, 11, '2026-03-04 07:34:44', '2026-03-05 08:18:12'),
	(408, 11, '2026-03-04 08:14:10', '2026-03-05 08:18:12'),
	(409, 19, '2026-03-05 08:18:16', '2026-03-05 13:52:57'),
	(410, 11, '2026-03-05 13:53:06', '2026-03-05 13:55:15'),
	(411, 19, '2026-03-05 13:55:19', '2026-03-05 15:06:31'),
	(412, 2, '2026-03-05 15:06:49', '2026-03-05 15:21:59'),
	(413, 2, '2026-03-05 15:22:01', '2026-03-05 15:22:45'),
	(414, 19, '2026-03-05 15:22:53', '2026-03-05 17:11:09'),
	(415, 19, '2026-03-05 17:11:56', '2026-03-05 17:15:14'),
	(416, 19, '2026-03-05 17:15:27', '2026-03-05 17:15:58'),
	(417, 19, '2026-03-05 17:21:57', '2026-03-05 17:22:44'),
	(418, 19, '2026-03-06 13:43:05', '2026-03-06 16:26:10'),
	(419, 11, '2026-03-06 16:26:18', '2026-03-09 16:09:40'),
	(420, 19, '2026-03-09 16:09:46', '2026-03-10 14:21:22'),
	(421, 19, '2026-03-10 10:36:51', '2026-03-10 14:21:22'),
	(422, 11, '2026-03-10 14:21:39', '2026-03-18 10:09:49'),
	(423, 11, '2026-03-11 11:26:57', '2026-03-18 10:09:49'),
	(424, 11, '2026-03-16 11:33:02', '2026-03-18 10:09:49'),
	(425, 11, '2026-03-17 11:28:20', '2026-03-18 10:09:49'),
	(426, 19, '2026-03-18 10:10:04', '2026-03-20 14:09:11'),
	(427, 11, '2026-03-20 13:55:18', '2026-03-20 14:07:41'),
	(428, 19, '2026-03-20 14:07:45', '2026-03-20 14:09:11'),
	(429, 11, '2026-03-20 14:09:16', '2026-03-20 14:11:17'),
	(430, 19, '2026-03-20 14:11:20', '2026-03-20 14:11:55'),
	(431, 11, '2026-03-20 14:12:00', '2026-03-20 14:13:30'),
	(432, 19, '2026-03-20 14:13:34', '2026-03-20 14:21:07'),
	(433, 19, '2026-03-20 14:21:23', '2026-03-20 14:21:28'),
	(434, 11, '2026-03-20 14:21:31', '2026-03-23 16:35:20'),
	(435, 11, '2026-03-23 16:35:15', '2026-03-23 16:35:20'),
	(436, 19, '2026-03-23 16:35:25', '2026-03-23 18:08:09'),
	(437, 11, '2026-03-23 18:08:12', '2026-03-23 18:17:12'),
	(438, 19, '2026-03-23 18:17:16', '2026-03-23 18:18:58'),
	(439, 11, '2026-03-24 08:02:47', '2026-03-24 16:59:15'),
	(440, 11, '2026-03-24 16:22:06', '2026-03-24 16:59:15'),
	(441, 11, '2026-03-24 16:22:09', '2026-03-24 16:59:15'),
	(442, 11, '2026-03-24 16:22:11', '2026-03-24 16:59:15'),
	(443, 11, '2026-03-24 16:22:18', '2026-03-24 16:59:15'),
	(444, 11, '2026-03-24 16:22:22', '2026-03-24 16:59:15'),
	(445, 11, '2026-03-24 16:22:24', '2026-03-24 16:59:15'),
	(446, 11, '2026-03-24 16:22:25', '2026-03-24 16:59:15'),
	(447, 11, '2026-03-24 16:22:26', '2026-03-24 16:59:15'),
	(448, 11, '2026-03-24 16:37:24', '2026-03-24 16:59:15'),
	(449, 11, '2026-03-24 16:42:49', '2026-03-24 16:59:15'),
	(450, 11, '2026-03-24 16:49:32', '2026-03-24 16:59:15'),
	(451, 11, '2026-03-24 16:49:37', '2026-03-24 16:59:15'),
	(452, 11, '2026-03-24 16:50:03', '2026-03-24 16:59:15'),
	(453, 11, '2026-03-24 16:54:22', '2026-03-24 16:59:15'),
	(454, 10, '2026-03-24 16:55:46', NULL),
	(455, 11, '2026-03-24 16:57:15', '2026-03-24 16:59:15'),
	(456, 11, '2026-03-24 16:58:59', '2026-03-24 16:59:15'),
	(457, 19, '2026-03-24 16:59:20', NULL),
	(458, 11, '2026-03-24 17:01:30', '2026-03-28 15:10:44'),
	(459, 10, '2026-03-24 17:01:38', NULL),
	(460, 11, '2026-03-24 17:21:17', '2026-03-28 15:10:44'),
	(461, 11, '2026-03-24 17:31:27', '2026-03-28 15:10:44'),
	(462, 11, '2026-03-24 17:55:59', '2026-03-28 15:10:44'),
	(463, 11, '2026-03-25 06:40:23', '2026-03-28 15:10:44'),
	(464, 11, '2026-03-25 06:40:26', '2026-03-28 15:10:44'),
	(465, 11, '2026-03-25 06:40:33', '2026-03-28 15:10:44'),
	(466, 11, '2026-03-25 07:11:47', '2026-03-28 15:10:44'),
	(467, 11, '2026-03-25 08:02:10', '2026-03-28 15:10:44'),
	(468, 19, '2026-03-25 08:25:29', NULL),
	(469, 11, '2026-03-25 09:20:32', '2026-03-28 15:10:44'),
	(470, 19, '2026-03-25 10:00:33', NULL),
	(471, 11, '2026-03-25 10:05:07', '2026-03-28 15:10:44'),
	(472, 19, '2026-03-25 10:06:44', NULL),
	(473, 11, '2026-03-25 10:06:55', '2026-03-28 15:10:44'),
	(474, 19, '2026-03-25 10:07:30', NULL),
	(475, 11, '2026-03-25 10:07:45', '2026-03-28 15:10:44'),
	(476, 19, '2026-03-25 10:08:14', NULL),
	(477, 19, '2026-03-25 13:52:59', NULL),
	(478, 11, '2026-03-25 15:51:36', '2026-03-28 15:10:44'),
	(479, 11, '2026-03-25 15:51:38', '2026-03-28 15:10:44'),
	(480, 19, '2026-03-25 17:33:37', NULL),
	(481, 11, '2026-03-25 17:34:54', '2026-03-28 15:10:44'),
	(482, 19, '2026-03-25 17:35:42', NULL),
	(483, 11, '2026-03-25 17:50:57', '2026-03-28 15:10:44'),
	(484, 19, '2026-03-25 17:51:28', NULL),
	(485, 19, '2026-03-25 18:08:58', NULL),
	(486, 10, '2026-03-25 18:47:34', NULL),
	(487, 2, '2026-03-25 18:48:01', NULL),
	(488, 2, '2026-03-25 18:51:48', NULL),
	(489, 2, '2026-03-25 18:58:22', NULL),
	(490, 2, '2026-03-25 19:09:18', NULL),
	(491, 11, '2026-03-25 19:12:44', '2026-03-28 15:10:44'),
	(492, 11, '2026-03-26 07:15:27', '2026-03-28 15:10:44'),
	(493, 11, '2026-03-26 07:15:32', '2026-03-28 15:10:44'),
	(494, 11, '2026-03-26 11:28:06', '2026-03-28 15:10:44'),
	(495, 11, '2026-03-26 11:28:08', '2026-03-28 15:10:44'),
	(496, 11, '2026-03-26 13:36:13', '2026-03-28 15:10:44'),
	(497, 11, '2026-03-26 17:31:08', '2026-03-28 15:10:44'),
	(498, 11, '2026-03-26 17:31:13', '2026-03-28 15:10:44'),
	(499, 11, '2026-03-26 17:45:05', '2026-03-28 15:10:44'),
	(500, 11, '2026-03-26 18:08:34', '2026-03-28 15:10:44'),
	(501, 19, '2026-03-26 19:05:06', NULL),
	(502, 11, '2026-03-26 19:13:27', '2026-03-28 15:10:44'),
	(503, 11, '2026-03-27 06:58:42', '2026-03-28 15:10:44'),
	(504, 11, '2026-03-27 07:06:34', '2026-03-28 15:10:44'),
	(505, 11, '2026-03-27 08:52:43', '2026-03-28 15:10:44'),
	(506, 11, '2026-03-27 10:53:40', '2026-03-28 15:10:44'),
	(507, 11, '2026-03-27 15:39:06', '2026-03-28 15:10:44'),
	(508, 11, '2026-03-27 15:39:09', '2026-03-28 15:10:44'),
	(509, 11, '2026-03-27 15:55:54', '2026-03-28 15:10:44'),
	(510, 11, '2026-03-27 16:38:34', '2026-03-28 15:10:44'),
	(511, 11, '2026-03-27 17:02:34', '2026-03-28 15:10:44'),
	(512, 11, '2026-03-28 13:44:10', '2026-03-28 15:10:44'),
	(513, 11, '2026-03-28 13:48:04', '2026-03-28 15:10:44'),
	(514, 11, '2026-03-28 13:52:06', '2026-03-28 15:10:44'),
	(515, 11, '2026-03-28 13:52:37', '2026-03-28 15:10:44'),
	(516, 11, '2026-03-28 13:58:30', '2026-03-28 15:10:44'),
	(517, 11, '2026-03-28 14:00:55', '2026-03-28 15:10:44'),
	(518, 11, '2026-03-28 14:00:57', '2026-03-28 15:10:44'),
	(519, 11, '2026-03-28 14:02:24', '2026-03-28 15:10:44'),
	(520, 11, '2026-03-28 14:02:52', '2026-03-28 15:10:44'),
	(521, 11, '2026-03-28 14:03:31', '2026-03-28 15:10:44'),
	(522, 11, '2026-03-28 14:04:17', '2026-03-28 15:10:44'),
	(523, 11, '2026-03-28 14:08:28', '2026-03-28 15:10:44'),
	(524, 11, '2026-03-28 14:08:57', '2026-03-28 15:10:44'),
	(525, 11, '2026-03-28 14:10:57', '2026-03-28 15:10:44'),
	(526, 11, '2026-03-28 14:16:02', '2026-03-28 15:10:44'),
	(527, 11, '2026-03-28 14:18:49', '2026-03-28 15:10:44'),
	(528, 11, '2026-03-28 14:24:38', '2026-03-28 15:10:44'),
	(529, 11, '2026-03-28 14:24:55', '2026-03-28 15:10:44'),
	(530, 11, '2026-03-28 14:26:11', '2026-03-28 15:10:44'),
	(531, 11, '2026-03-28 14:27:35', '2026-03-28 15:10:44'),
	(532, 11, '2026-03-28 14:34:31', '2026-03-28 15:10:44'),
	(533, 11, '2026-03-28 14:40:05', '2026-03-28 15:10:44'),
	(534, 11, '2026-03-28 14:41:43', '2026-03-28 15:10:44'),
	(535, 11, '2026-03-28 14:41:56', '2026-03-28 15:10:44'),
	(536, 11, '2026-03-28 14:42:18', '2026-03-28 15:10:44'),
	(537, 11, '2026-03-28 14:44:22', '2026-03-28 15:10:44'),
	(538, 11, '2026-03-28 14:49:24', '2026-03-28 15:10:44'),
	(539, 11, '2026-03-28 14:51:47', '2026-03-28 15:10:44'),
	(540, 11, '2026-03-28 14:52:30', '2026-03-28 15:10:44'),
	(541, 11, '2026-03-28 14:54:49', '2026-03-28 15:10:44'),
	(542, 11, '2026-03-28 14:55:58', '2026-03-28 15:10:44'),
	(543, 11, '2026-03-28 14:56:38', '2026-03-28 15:10:44'),
	(544, 11, '2026-03-28 15:00:03', '2026-03-28 15:10:44'),
	(545, 11, '2026-03-28 15:02:11', '2026-03-28 15:10:44'),
	(546, 11, '2026-03-28 15:05:06', '2026-03-28 15:10:44'),
	(547, 11, '2026-03-28 15:07:07', '2026-03-28 15:10:44'),
	(548, 11, '2026-03-28 15:08:49', '2026-03-28 15:10:44'),
	(549, 11, '2026-03-28 15:10:31', '2026-03-28 15:10:44'),
	(550, 11, '2026-03-28 15:13:20', '2026-03-28 15:15:09'),
	(551, 11, '2026-03-28 15:20:49', NULL),
	(552, 11, '2026-03-28 15:38:05', NULL),
	(553, 11, '2026-03-28 15:38:28', NULL),
	(554, 11, '2026-03-30 13:09:10', NULL),
	(555, 11, '2026-03-30 13:28:26', NULL),
	(556, 2, '2026-03-30 13:29:02', NULL),
	(557, 2, '2026-03-30 13:34:18', NULL),
	(558, 2, '2026-03-30 13:37:57', NULL),
	(559, 2, '2026-03-30 15:05:55', NULL),
	(560, 2, '2026-03-30 16:26:10', NULL),
	(561, 2, '2026-03-30 16:26:15', NULL);

-- Dumping structure for table accountopening_db.tutor_account_submissions
CREATE TABLE IF NOT EXISTS `tutor_account_submissions` (
  `id` int unsigned NOT NULL AUTO_INCREMENT,
  `noms` varchar(255) CHARACTER SET utf8mb4 COLLATE utf8mb4_unicode_ci DEFAULT NULL,
  `prenoms` varchar(255) CHARACTER SET utf8mb4 COLLATE utf8mb4_unicode_ci DEFAULT NULL,
  `nom` varchar(255) CHARACTER SET utf8mb4 COLLATE utf8mb4_unicode_ci DEFAULT NULL,
  `prenom` varchar(255) CHARACTER SET utf8mb4 COLLATE utf8mb4_unicode_ci DEFAULT NULL,
  `genre` varchar(50) CHARACTER SET utf8mb4 COLLATE utf8mb4_unicode_ci DEFAULT NULL,
  `contact_name` varchar(255) COLLATE utf8mb4_unicode_ci DEFAULT NULL,
  `contact_address` varchar(255) COLLATE utf8mb4_unicode_ci DEFAULT NULL,
  `contact_relationship` varchar(100) COLLATE utf8mb4_unicode_ci DEFAULT NULL,
  `contact_phone` varchar(50) COLLATE utf8mb4_unicode_ci DEFAULT NULL,
  `contact_email` varchar(150) COLLATE utf8mb4_unicode_ci DEFAULT NULL,
  `contact_income_source` varchar(255) COLLATE utf8mb4_unicode_ci DEFAULT NULL,
  `has_other_bank_account` tinyint(1) DEFAULT '0',
  `other_bank_details` text COLLATE utf8mb4_unicode_ci,
  `other_bank_person_name` varchar(255) COLLATE utf8mb4_unicode_ci DEFAULT NULL,
  `other_bank_person_address` varchar(255) COLLATE utf8mb4_unicode_ci DEFAULT NULL,
  `created_at` timestamp NULL DEFAULT CURRENT_TIMESTAMP,
  `titre` varchar(100) COLLATE utf8mb4_unicode_ci DEFAULT NULL,
  `autres_prenoms` varchar(255) COLLATE utf8mb4_unicode_ci DEFAULT NULL,
  `nationalite` varchar(100) COLLATE utf8mb4_unicode_ci DEFAULT NULL,
  `lieu_naissance` varchar(255) COLLATE utf8mb4_unicode_ci DEFAULT NULL,
  `pays_naissance` varchar(100) COLLATE utf8mb4_unicode_ci DEFAULT NULL,
  `date_naissance` date DEFAULT NULL,
  `situation_matrimoniale` varchar(100) COLLATE utf8mb4_unicode_ci DEFAULT NULL,
  `situation_matrimoniale_autres` varchar(255) COLLATE utf8mb4_unicode_ci DEFAULT NULL,
  `type_piece` varchar(255) COLLATE utf8mb4_unicode_ci DEFAULT NULL,
  `type_piece_autres` varchar(255) COLLATE utf8mb4_unicode_ci DEFAULT NULL,
  `num_piece` varchar(100) COLLATE utf8mb4_unicode_ci DEFAULT NULL,
  `identification_fiscale` varchar(100) COLLATE utf8mb4_unicode_ci DEFAULT NULL,
  `date_delivrance` date DEFAULT NULL,
  `date_expiration` date DEFAULT NULL,
  `reference` varchar(100) COLLATE utf8mb4_unicode_ci DEFAULT NULL,
  `telephone` varchar(50) COLLATE utf8mb4_unicode_ci DEFAULT NULL,
  `deuxieme_telephone` varchar(50) COLLATE utf8mb4_unicode_ci DEFAULT NULL,
  `adresse_mail` varchar(150) COLLATE utf8mb4_unicode_ci DEFAULT NULL,
  `nationalite_cordonnee` varchar(100) COLLATE utf8mb4_unicode_ci DEFAULT NULL,
  `code_postal` varchar(50) COLLATE utf8mb4_unicode_ci DEFAULT NULL,
  `ville_1` varchar(100) COLLATE utf8mb4_unicode_ci DEFAULT NULL,
  `adresse_legale` varchar(255) COLLATE utf8mb4_unicode_ci DEFAULT NULL,
  `ville_2` varchar(100) COLLATE utf8mb4_unicode_ci DEFAULT NULL,
  `pays_cordonnee` varchar(100) COLLATE utf8mb4_unicode_ci DEFAULT NULL,
  `salarie` tinyint(1) DEFAULT '0',
  `nom_employeur` varchar(255) COLLATE utf8mb4_unicode_ci DEFAULT NULL,
  `type_contrat` varchar(100) COLLATE utf8mb4_unicode_ci DEFAULT NULL,
  `fonction` varchar(255) COLLATE utf8mb4_unicode_ci DEFAULT NULL,
  `estimation_revenu_salarie` varchar(100) COLLATE utf8mb4_unicode_ci DEFAULT NULL,
  `entreprise` tinyint(1) DEFAULT '0',
  `nom_entreprise` varchar(255) COLLATE utf8mb4_unicode_ci DEFAULT NULL,
  `rccm` varchar(100) COLLATE utf8mb4_unicode_ci DEFAULT NULL,
  `nature_activite` varchar(255) COLLATE utf8mb4_unicode_ci DEFAULT NULL,
  `estimation_revenu_entreprise` varchar(100) COLLATE utf8mb4_unicode_ci DEFAULT NULL,
  `etudiante` tinyint(1) DEFAULT '0',
  `nom_instruction` varchar(255) COLLATE utf8mb4_unicode_ci DEFAULT NULL,
  `carte_etudiant` varchar(100) COLLATE utf8mb4_unicode_ci DEFAULT NULL,
  `autres` varchar(255) COLLATE utf8mb4_unicode_ci DEFAULT NULL,
  `estimation_revenu_etudiante` varchar(100) COLLATE utf8mb4_unicode_ci DEFAULT NULL,
  `autresprenoms` varchar(255) COLLATE utf8mb4_unicode_ci DEFAULT NULL,
  `lieudenaissance` varchar(255) COLLATE utf8mb4_unicode_ci DEFAULT NULL,
  `pays` varchar(100) COLLATE utf8mb4_unicode_ci DEFAULT NULL,
  `datedenaissance` date DEFAULT NULL,
  `situationmatrimoniale` varchar(255) COLLATE utf8mb4_unicode_ci DEFAULT NULL,
  `situationmatrimoniale_1` varchar(255) COLLATE utf8mb4_unicode_ci DEFAULT NULL,
  `typedepiece` varchar(255) COLLATE utf8mb4_unicode_ci DEFAULT NULL,
  `npiece` varchar(100) COLLATE utf8mb4_unicode_ci DEFAULT NULL,
  `nidentificationfiscale` varchar(100) COLLATE utf8mb4_unicode_ci DEFAULT NULL,
  `datededelivrance` date DEFAULT NULL,
  `dateexpiration` date DEFAULT NULL,
  `numero_de_referenceoptionnel` varchar(100) COLLATE utf8mb4_unicode_ci DEFAULT NULL,
  `deuxiemetelephone` varchar(50) COLLATE utf8mb4_unicode_ci DEFAULT NULL,
  `adressemail` varchar(150) COLLATE utf8mb4_unicode_ci DEFAULT NULL,
  `nationalite_1` varchar(100) COLLATE utf8mb4_unicode_ci DEFAULT NULL,
  `codepostal` varchar(50) COLLATE utf8mb4_unicode_ci DEFAULT NULL,
  `ville` varchar(100) COLLATE utf8mb4_unicode_ci DEFAULT NULL,
  `adresselegale` varchar(255) COLLATE utf8mb4_unicode_ci DEFAULT NULL,
  `pays_2` varchar(100) COLLATE utf8mb4_unicode_ci DEFAULT NULL,
  `nomdelemployeur` varchar(255) COLLATE utf8mb4_unicode_ci DEFAULT NULL,
  `typecontrat` varchar(100) COLLATE utf8mb4_unicode_ci DEFAULT NULL,
  `estimationrevenumensuel` varchar(100) COLLATE utf8mb4_unicode_ci DEFAULT NULL,
  `nomdelinstruction` varchar(255) COLLATE utf8mb4_unicode_ci DEFAULT NULL,
  `ncarteetudiant` varchar(100) COLLATE utf8mb4_unicode_ci DEFAULT NULL,
  `autres_1` varchar(255) COLLATE utf8mb4_unicode_ci DEFAULT NULL,
  PRIMARY KEY (`id`)
) ENGINE=InnoDB AUTO_INCREMENT=15 DEFAULT CHARSET=utf8mb4 COLLATE=utf8mb4_unicode_ci;

-- Dumping data for table accountopening_db.tutor_account_submissions: ~11 rows (approximately)
INSERT INTO `tutor_account_submissions` (`id`, `noms`, `prenoms`, `nom`, `prenom`, `genre`, `contact_name`, `contact_address`, `contact_relationship`, `contact_phone`, `contact_email`, `contact_income_source`, `has_other_bank_account`, `other_bank_details`, `other_bank_person_name`, `other_bank_person_address`, `created_at`, `titre`, `autres_prenoms`, `nationalite`, `lieu_naissance`, `pays_naissance`, `date_naissance`, `situation_matrimoniale`, `situation_matrimoniale_autres`, `type_piece`, `type_piece_autres`, `num_piece`, `identification_fiscale`, `date_delivrance`, `date_expiration`, `reference`, `telephone`, `deuxieme_telephone`, `adresse_mail`, `nationalite_cordonnee`, `code_postal`, `ville_1`, `adresse_legale`, `ville_2`, `pays_cordonnee`, `salarie`, `nom_employeur`, `type_contrat`, `fonction`, `estimation_revenu_salarie`, `entreprise`, `nom_entreprise`, `rccm`, `nature_activite`, `estimation_revenu_entreprise`, `etudiante`, `nom_instruction`, `carte_etudiant`, `autres`, `estimation_revenu_etudiante`, `autresprenoms`, `lieudenaissance`, `pays`, `datedenaissance`, `situationmatrimoniale`, `situationmatrimoniale_1`, `typedepiece`, `npiece`, `nidentificationfiscale`, `datededelivrance`, `dateexpiration`, `numero_de_referenceoptionnel`, `deuxiemetelephone`, `adressemail`, `nationalite_1`, `codepostal`, `ville`, `adresselegale`, `pays_2`, `nomdelemployeur`, `typecontrat`, `estimationrevenumensuel`, `nomdelinstruction`, `ncarteetudiant`, `autres_1`) VALUES
	(3, 'Dupont', 'Jean', '', '', '', '', '', '', '', '', '', 0, '', '', '', '2026-03-27 10:49:45', '', '', '', '', '', NULL, '', '', '', '', '', '', NULL, NULL, '', '+242123456', '', '', '', '', '', '', '', '', 1, '', '', '', '', 0, '', '', '', '', 0, '', '', '', '', '', '', '', '2026-03-27', '', '', '', '', '', NULL, NULL, '', '', 'test@example.com', '', '', '', '', '', 'ACME', '', '', '', '', ''),
	(4, 'MOSSA', 'Oliveira', '', '', '♂', 'Oliveira gad YOKA MOSSA', 'TEST address', '', '069773030', 'test@gmail.com', '', 0, '', '', 'TEST address', '2026-03-27 10:52:14', 'Mr.', '', '', '', '', NULL, 'CELIBATAIRE', '', '', '', '', '', NULL, NULL, '', '069773030', '', 'test@gmail.com', '', '1234', '', 'TEST address', '', '', 0, '', '', '', '', 0, '', '', '', '', 0, '', '', '', '', '', 'Brazzaville', 'Congo', '1993-01-22', 'CELIBATAIRE', '', '', '', '12345', NULL, NULL, '', '', 'test@gmail.com', '', '', '', '', '', '', 'CONTRATIQUE', '', 'Oliveira gad YOKA MOSSA', '', ''),
	(5, 'Dupont', 'Jean', '', '', 'Array', '', '', '', '', '', '', 0, '', '', '', '2026-03-27 11:05:31', '', '', '', '', '', NULL, '', '', '', '', '', '', NULL, NULL, '', '+242123456', '', '', '', '', '', '', '', '', 0, '', '', '', '', 0, '', '', '', '', 0, '', '', '', '', '', '', '', '2026-03-27', '', '', '', '', '', NULL, NULL, '', '', '', '', '', '', '', '', '', '', '', '', '', ''),
	(6, 'Dupont', 'Jean', '', '', 'Homme', '', '', '', '', '', '', 0, '', '', '', '2026-03-27 11:06:12', '', '', '', '', '', NULL, '', '', '', '', '', '', NULL, NULL, '', '+242123456', '', '', '', '', '', '', '', '', 0, '', '', '', '', 0, '', '', '', '', 0, '', '', '', '', '', '', '', '2026-03-27', '', '', '', '', '', NULL, NULL, '', '', '', '', '', '', '', '', '', '', '', '', '', ''),
	(7, 'MOSSA', 'Oliveira', '', '', 'Homme', 'Oliveira gad YOKA MOSSA', 'TEST address', '', '069773030', 'test@gmail.com', '40000', 0, '', 'TEST Y', 'TEST address', '2026-03-27 11:08:50', 'Mr.', '', '', '', '', NULL, 'MARIE(E)', '', '', '', '', '', NULL, NULL, '', '069773030', '', 'test@gmail.com', '', '1234', '', 'TEST address', '', '', 0, '', '', '', '', 0, '', '', '', '', 0, '', '', '', '', '', 'Brazzaville', 'Congo', '1993-01-22', 'MARIE(E)', '', '', '', '12345', NULL, NULL, '', '', 'test@gmail.com', '', '', '', '', '', '', 'CONTRATIQUE', '', 'Oliveira gad YOKA MOSSA', '', ''),
	(8, 'Test', 'User', '', '', 'Homme', '', '', '', '', '', '', 0, '', '', '', '2026-03-27 11:23:24', '', '', '', '', '', NULL, '', '', '', '', '', '', NULL, NULL, '', '', '', '', '', '', '', '', '', '', 0, '', '', '', 'Array', 0, '', '', '', 'Array', 0, '', '', '', 'Array', '', '', '', NULL, '', '', '', '', '', NULL, NULL, '', '', '', '', '', '', '', '', '', '', '', '', '', ''),
	(9, 'Test', 'User', '', '', 'Homme', '', '', '', '', '', '', 0, '', '', '', '2026-03-27 11:24:02', '', '', '', '', '', NULL, '', '', '', '', '', '', NULL, NULL, '', '', '', '', '', '', '', '', '', '', 0, '', '', '', 'MOINS DE 200000 XAF', 0, '', '', '', 'MOINS DE 500000 XAF', 0, '', '', '', '500000 XAF', '', '', '', NULL, '', '', '', '', '', NULL, NULL, '', '', '', '', '', '', '', '', '', '', '', '', '', ''),
	(10, 'MOSSA', 'Oliveira', '', '', 'Homme', 'Oliveira gad YOKA MOSSA', 'TEST address', 'Frère', '069773030', 'test@gmail.com', '40000', 0, '', 'TEST Y', 'TEST address', '2026-03-27 11:27:25', 'Mr.', '', '', '', '', NULL, 'CELIBATAIRE', '', '', '', '', '', NULL, NULL, '', '069773030', '', 'test@gmail.com', '', '1234', '', 'TEST address', '', '', 0, '', '', '', '', 0, '', '', '', '', 0, '', '', '', '', '', 'Brazzaville', 'Congo', '1993-01-01', 'CELIBATAIRE', '', 'CNI, 12345678', '', '12345', NULL, NULL, '', '', 'test@gmail.com', '', '', '', '', '', '', 'PERMANENT', '', 'Oliveira gad YOKA MOSSA', '', ''),
	(11, 'Test', 'User', '', '', 'Homme', '', '', '', '', '', '', 0, '', '', '', '2026-03-27 11:36:07', '', '', '', '', '', NULL, '', '', '', '', '', '', NULL, NULL, '', '', '', '', '', '', '', '', '', '', 0, '', '', '', '200 000 XAF – 500 000 XAF', 0, '', '', '', '', 0, '', '', '', '', '', '', '', NULL, '', '', '', '', '', NULL, NULL, '', '', '', '', '', '', '', '', 'ABC', '', '', '', '', ''),
	(12, 'Demo', 'Demo', '', '', 'Homme', '', '', '', '', '', '', 0, '', '', '', '2026-03-27 11:38:32', '', '', '', '', '', NULL, '', '', '', '', '', '', NULL, NULL, '', '', '', '', '', '', '', '', '', '', 0, 'MonEmpl', '', '', '200 000 XAF – 500 000 XAF', 0, 'MonEnt', '', '', '500 000 XAF – 1 000 000 XAF', 0, '', '', '', '', '', '', '', NULL, '', '', '', '', '', NULL, NULL, '', '', '', '', '', '', '', '', 'MonEmpl', '', '', '', '', ''),
	(13, 'MOSSA', 'Oliveira', '', '', '♀ Femme', 'Oliveira gad YOKA MOSSA', 'TEST address', 'Frère', '069773030', 'test@gmail.com', '40000', 1, 'BCI, BPC', 'TEST Y', 'TEST address', '2026-03-27 11:53:41', 'Mr.', '', '', '', '', NULL, 'CELIBATAIRE', '', '', '', '', '', NULL, NULL, '', '069773030', '', 'test@gmail.com', '', '1234', '', 'TEST address', '', '', 0, '', '', '', '', 0, '', '', '', '', 0, 'Oliveira gad YOKA MOSSA', '', '', '', '', 'Brazzaville', 'Congo', '1993-01-01', 'CELIBATAIRE', '', 'PASSEPORT, 12345678', '', '12345', NULL, NULL, '', '', 'test@gmail.com', '', '', '', '', '', '', 'PERMANENT', '', 'Oliveira gad YOKA MOSSA', '', ''),
	(14, 'MOSSA', 'Oliveira', '', '', '♀ Femme', 'Oliveira gad YOKA MOSSA', 'TEST address', 'Frère', '069773030', 'test@gmail.com', '40000', 1, 'BCI, BPC', 'TEST Y', 'TEST address', '2026-03-27 11:54:51', 'Mr.', '', '', '', '', NULL, 'CELIBATAIRE', '', '', '', '', '', NULL, NULL, '', '069773030', '', 'test@gmail.com', '', '1234', '', 'TEST address', '', '', 0, '', '', '', '', 0, '', '', '', '', 0, 'Oliveira gad YOKA MOSSA', '', '', '', '', 'Brazzaville', 'Congo', '1993-01-01', 'CELIBATAIRE', '', 'PASSEPORT, 12345678', '', '12345', NULL, NULL, '', '', 'test@gmail.com', '', '', '', '', '', '', 'PERMANENT', '', 'Oliveira gad YOKA MOSSA', '', '');

/*!40103 SET TIME_ZONE=IFNULL(@OLD_TIME_ZONE, 'system') */;
/*!40101 SET SQL_MODE=IFNULL(@OLD_SQL_MODE, '') */;
/*!40014 SET FOREIGN_KEY_CHECKS=IFNULL(@OLD_FOREIGN_KEY_CHECKS, 1) */;
/*!40101 SET CHARACTER_SET_CLIENT=@OLD_CHARACTER_SET_CLIENT */;
/*!40111 SET SQL_NOTES=IFNULL(@OLD_SQL_NOTES, 1) */;
